"id","name","code","account_type","reconcile","description"
"account_101","Efectivo en Caja","101","asset_cash","True","Rango oficial: 101 a 108. Representan las existencias de medios monetarios y valores depositados en las cajas de la entidad. Comprenden entre otros: Efectivo para pagos menores, para cambios, fondo fijo para atenciones específicas u otros destinos, así como los importes que se ingresan en la caja, para ser depositados en las cuentas bancarias correspondientes o para pagos de nóminas. Incluyen las existencias de sellos adquiridos para uso de la entidad, tarjetas prepagadas de combustibles, bonos de combustible, bonos de pasajes en ómnibus y los cheques recibidos en divisas por la entidad y se registran por la tasa de cambio vigente, y cheques recibidos en moneda nacional. Se debitan al crear los fondos o al aumentarlos, así como por los cobros en efectivo pendientes de depositar en la sucursal bancaria, por los importes de los sellos comprados que se encuentran en existencia y por los cheques recibidos, por las tarjetas prepagadas de combustibles y se acreditan por las rebajas, utilización o cancelación de los fondos y por los depósitos efectuados en las cuentas bancarias de la entidad."
"account_109","Efectivo en Banco y en Otras Instituciones","109","asset_cash","True","Rango oficial: 109 a 119. Representan las existencias de los medios monetarios depositados en las cuentas bancarias o en otras instituciones financieras autorizadas. Comprenden todas las cuentas bancarias que se operan ya sean en moneda nacional como extranjera. Incluye los recursos depositados en otras entidades y en instituciones financieras, sin carácter de inversiones temporales. Se debitan por los depósitos de efectivo, cheques u otros documentos que representen efectivo y se acreditan por las extracciones y pagos efectuados y se analiza por cuentas bancarias."
"account_120","Inversiones a Corto Plazo o Temporales","120","asset_current","False","Rango oficial: 120 a 129. Representan la utilización del efectivo temporalmente libre, procedente de las operaciones de la entidad. Las características de estas inversiones de carácter financiero son su capacidad de ser negociables y su disponibilidad para su uso en el pago de los Pasivos Circulantes. Comprenden, entre otros, los depósitos a plazos fijos en instituciones bancarias o financieras no bancarias, la compra de valores negociables, las inversiones financieras. Se incluyen los contratos de préstamos de las empresas de seguros con instituciones financieras no bancarias y otras modalidades de inversión de recursos temporales aprobados en la legislación vigente con estas entidades. Se debitan por los depósitos a plazos fijos efectuados o los importes de las inversiones efectuadas en valores negociables y se acreditan por la venta de dichos valores cuando se decida negociarlos o se retiren los depósitos a plazos fijos."
"account_130_0010","Efectos por Cobrar a Corto Plazo - Dentro del Órgano u Organismo","130.0010","asset_current","True","Rango oficial: 130 a 133. Representan los documentos mercantiles de crédito recibidos y que están pendientes de cobro dentro de los términos vigentes, que no les permiten perder su respaldo legal. Comprenden, entre otros, las letras de cambio y los pagarés aceptados por los clientes. Se debitan por los documentos recibidos y se acreditan, al ser cobrados estos, por cancelaciones, los declarados en proceso de litigio y de protesto. Se analiza por subcuentas de uso obligatorio y por clientes."
"account_130_0020","Efectos por Cobrar a Corto Plazo - Fuera del Órgano u Organismo","130.0020","asset_current","True","Rango oficial: 130 a 133. Representan los documentos mercantiles de crédito recibidos y que están pendientes de cobro dentro de los términos vigentes, que no les permiten perder su respaldo legal. Comprenden, entre otros, las letras de cambio y los pagarés aceptados por los clientes. Se debitan por los documentos recibidos y se acreditan, al ser cobrados estos, por cancelaciones, los declarados en proceso de litigio y de protesto. Se analiza por subcuentas de uso obligatorio y por clientes."
"account_130_0030","Efectos por Cobrar a Corto Plazo - En el Extranjero","130.0030","asset_current","True","Rango oficial: 130 a 133. Representan los documentos mercantiles de crédito recibidos y que están pendientes de cobro dentro de los términos vigentes, que no les permiten perder su respaldo legal. Comprenden, entre otros, las letras de cambio y los pagarés aceptados por los clientes. Se debitan por los documentos recibidos y se acreditan, al ser cobrados estos, por cancelaciones, los declarados en proceso de litigio y de protesto. Se analiza por subcuentas de uso obligatorio y por clientes."
"account_130_0040","Efectos por Cobrar a Corto Plazo - Dentro del Grupo Empresarial","130.0040","asset_current","True","Rango oficial: 130 a 133. Representan los documentos mercantiles de crédito recibidos y que están pendientes de cobro dentro de los términos vigentes, que no les permiten perder su respaldo legal. Comprenden, entre otros, las letras de cambio y los pagarés aceptados por los clientes. Se debitan por los documentos recibidos y se acreditan, al ser cobrados estos, por cancelaciones, los declarados en proceso de litigio y de protesto. Se analiza por subcuentas de uso obligatorio y por clientes."
"account_130_0050","Efectos por Cobrar a Corto Plazo - Sector Cooperativo","130.0050","asset_current","True","Rango oficial: 130 a 133. Representan los documentos mercantiles de crédito recibidos y que están pendientes de cobro dentro de los términos vigentes, que no les permiten perder su respaldo legal. Comprenden, entre otros, las letras de cambio y los pagarés aceptados por los clientes. Se debitan por los documentos recibidos y se acreditan, al ser cobrados estos, por cancelaciones, los declarados en proceso de litigio y de protesto. Se analiza por subcuentas de uso obligatorio y por clientes."
"account_130_0060","Efectos por Cobrar a Corto Plazo - Personas Naturales","130.0060","asset_current","True","Rango oficial: 130 a 133. Representan los documentos mercantiles de crédito recibidos y que están pendientes de cobro dentro de los términos vigentes, que no les permiten perder su respaldo legal. Comprenden, entre otros, las letras de cambio y los pagarés aceptados por los clientes. Se debitan por los documentos recibidos y se acreditan, al ser cobrados estos, por cancelaciones, los declarados en proceso de litigio y de protesto. Se analiza por subcuentas de uso obligatorio y por clientes."
"account_134","Cuenta en Participación","134","asset_current","False","Codigo oficial: 134. Comprende el importe de los contratos de asociación económica internacional desde su inicio hasta su liquidación cuando se decide llevarse por las dos partes del contrato. Debe analizarse por contrato, por socio o cliente. Se debitan por el aporte de la entidad, por el ingreso recibido por concepto de ventas asociadas al contrato y por los beneficios obtenidos de las operaciones de la asociación pendientes de cobro y se acreditan por los gastos en que incurren en el contrato, el pago de impuestos y contribuciones, la liquidación del contrato, la devolución de los aportes y el cobro de los beneficios en cada período o al liquidarse el contrato."
"account_135_0010","Cuentas por Cobrar a Corto Plazo - Dentro del Órgano u Organismo","135.0010","asset_receivable","True","Rango oficial: 135 a 139. Se registran en estas cuentas el importe de las ventas de productos y mercancías, el importe de los servicios prestados, incluyendo los asociados a la actividad de seguros, así como el valor de los trabajos ejecutados y de las Certificaciones de Avance de Obras facturados debiéndose analizar por clientes; considerando cada documento emitido y cobrado. Se debitan por las Facturas o Certificaciones emitidas y se acreditan al cobrarse estas, por cancelaciones, las declaradas en proceso de litigio y de protesto. Se analiza por subcuentas de uso obligatorio definidas en el nomenclador de cuentas."
"account_135_0020","Cuentas por Cobrar a Corto Plazo - Fuera del Órgano u Organismo","135.0020","asset_receivable","True","Rango oficial: 135 a 139. Se registran en estas cuentas el importe de las ventas de productos y mercancías, el importe de los servicios prestados, incluyendo los asociados a la actividad de seguros, así como el valor de los trabajos ejecutados y de las Certificaciones de Avance de Obras facturados debiéndose analizar por clientes; considerando cada documento emitido y cobrado. Se debitan por las Facturas o Certificaciones emitidas y se acreditan al cobrarse estas, por cancelaciones, las declaradas en proceso de litigio y de protesto. Se analiza por subcuentas de uso obligatorio definidas en el nomenclador de cuentas."
"account_135_0030","Cuentas por Cobrar a Corto Plazo - En el Extranjero","135.0030","asset_receivable","True","Rango oficial: 135 a 139. Se registran en estas cuentas el importe de las ventas de productos y mercancías, el importe de los servicios prestados, incluyendo los asociados a la actividad de seguros, así como el valor de los trabajos ejecutados y de las Certificaciones de Avance de Obras facturados debiéndose analizar por clientes; considerando cada documento emitido y cobrado. Se debitan por las Facturas o Certificaciones emitidas y se acreditan al cobrarse estas, por cancelaciones, las declaradas en proceso de litigio y de protesto. Se analiza por subcuentas de uso obligatorio definidas en el nomenclador de cuentas."
"account_135_0040","Cuentas por Cobrar a Corto Plazo - Dentro del Grupo Empresarial","135.0040","asset_receivable","True","Rango oficial: 135 a 139. Se registran en estas cuentas el importe de las ventas de productos y mercancías, el importe de los servicios prestados, incluyendo los asociados a la actividad de seguros, así como el valor de los trabajos ejecutados y de las Certificaciones de Avance de Obras facturados debiéndose analizar por clientes; considerando cada documento emitido y cobrado. Se debitan por las Facturas o Certificaciones emitidas y se acreditan al cobrarse estas, por cancelaciones, las declaradas en proceso de litigio y de protesto. Se analiza por subcuentas de uso obligatorio definidas en el nomenclador de cuentas."
"account_135_0050","Cuentas por Cobrar a Corto Plazo - Sector Cooperativo","135.0050","asset_receivable","True","Rango oficial: 135 a 139. Se registran en estas cuentas el importe de las ventas de productos y mercancías, el importe de los servicios prestados, incluyendo los asociados a la actividad de seguros, así como el valor de los trabajos ejecutados y de las Certificaciones de Avance de Obras facturados debiéndose analizar por clientes; considerando cada documento emitido y cobrado. Se debitan por las Facturas o Certificaciones emitidas y se acreditan al cobrarse estas, por cancelaciones, las declaradas en proceso de litigio y de protesto. Se analiza por subcuentas de uso obligatorio definidas en el nomenclador de cuentas."
"account_135_0060","Cuentas por Cobrar a Corto Plazo - Personas Naturales","135.0060","asset_receivable","True","Rango oficial: 135 a 139. Se registran en estas cuentas el importe de las ventas de productos y mercancías, el importe de los servicios prestados, incluyendo los asociados a la actividad de seguros, así como el valor de los trabajos ejecutados y de las Certificaciones de Avance de Obras facturados debiéndose analizar por clientes; considerando cada documento emitido y cobrado. Se debitan por las Facturas o Certificaciones emitidas y se acreditan al cobrarse estas, por cancelaciones, las declaradas en proceso de litigio y de protesto. Se analiza por subcuentas de uso obligatorio definidas en el nomenclador de cuentas."
"account_140","Pagos por Cuenta de Terceros","140","asset_current","False","Codigo oficial: 140. Se registran en estas cuentas el importe de los pagos realizados por las entidades a cuenta de terceros según la legislación vigente. Debe analizarse por clientes, considerando cada documento emitido y cobrado. Se debitan por las Facturas o Certificaciones recibidas por las entidades y se acreditan al refacturarse a terceros, por cancelaciones, los declarados en proceso de litigio y de protesto."
"account_141","Participación de Reaseguradores por Siniestros Pendientes","141","asset_current","False","Codigo oficial: 141. Se registra en esta cuenta el importe que debe recibirse de las entidades reaseguradoras por su participación en los siniestros. Se debitan por las Facturas presentadas a las entidades reaseguradoras y se acreditan al cobrarse estas, por cancelaciones y las declaradas en proceso de litigio."
"account_142","Préstamos y Otras Operaciones Crediticias a Cobrar a Corto Plazo","142","asset_current","False","Codigo oficial: 142. Se registra en esta cuenta el importe de los préstamos y otras operaciones crediticias a cobrar a corto plazo, según la legislación financiera vigente. Debe analizarse por clientes, considerando cada documento emitido y cobrado. Se debitan por los documentos que amparen la reclamación del préstamo y otras operaciones financieras a corto plazo y se acreditan al efectuarse el cobro de estos."
"account_143","Suscriptores de Bonos","143","asset_current","False","Codigo oficial: 143. Se registra en esta cuenta el importe de los Bonos suscritos por los bonistas u obligacionistas para su pago a plazo. Debe analizarse por bonistas. Se debitan por la suscripción de los bonos y se acreditan por el cobro de los bonos suscritos en los plazos establecidos."
"account_144","Bonos Emitidos en Cartera","144","asset_current","False","Codigo oficial: 144. Comprende el importe de los Bonos no vendidos o vendidos y no concluidos de cobrar. Aparece en el Estado de Situación minorando la cuenta Bonos por Pagar. Se debitan por el importe de los Bonos no vendidos o vendidos y no concluidos de cobrar y se acreditan por el cobro de los Bonos."
"account_146_0010","Pagos Anticipados a Suministradores - Dentro del Órgano u Organismo","146.0010","asset_current","False","Rango oficial: 146 a 149. Se registran en estas cuentas el importe de los pagos efectuados a los proveedores por la recepción futura de los productos o mercancías, así como por la aceptación posterior de los trabajos o servicios, en virtud de los contratos suscritos o pactos aceptados. Se debitan por los pagos anticipados efectuados y se acreditan por el importe de los productos, mercancías y servicios recibidos, así como por los reintegros por pagos en exceso. Se analiza por subcuentas de uso obligatorio y por proveedores."
"account_146_0020","Pagos Anticipados a Suministradores - Fuera del Órgano u Organismo","146.0020","asset_current","False","Rango oficial: 146 a 149. Se registran en estas cuentas el importe de los pagos efectuados a los proveedores por la recepción futura de los productos o mercancías, así como por la aceptación posterior de los trabajos o servicios, en virtud de los contratos suscritos o pactos aceptados. Se debitan por los pagos anticipados efectuados y se acreditan por el importe de los productos, mercancías y servicios recibidos, así como por los reintegros por pagos en exceso. Se analiza por subcuentas de uso obligatorio y por proveedores."
"account_146_0030","Pagos Anticipados a Suministradores - En el Extranjero","146.0030","asset_current","False","Rango oficial: 146 a 149. Se registran en estas cuentas el importe de los pagos efectuados a los proveedores por la recepción futura de los productos o mercancías, así como por la aceptación posterior de los trabajos o servicios, en virtud de los contratos suscritos o pactos aceptados. Se debitan por los pagos anticipados efectuados y se acreditan por el importe de los productos, mercancías y servicios recibidos, así como por los reintegros por pagos en exceso. Se analiza por subcuentas de uso obligatorio y por proveedores."
"account_146_0040","Pagos Anticipados a Suministradores - Dentro del Grupo Empresarial","146.0040","asset_current","False","Rango oficial: 146 a 149. Se registran en estas cuentas el importe de los pagos efectuados a los proveedores por la recepción futura de los productos o mercancías, así como por la aceptación posterior de los trabajos o servicios, en virtud de los contratos suscritos o pactos aceptados. Se debitan por los pagos anticipados efectuados y se acreditan por el importe de los productos, mercancías y servicios recibidos, así como por los reintegros por pagos en exceso. Se analiza por subcuentas de uso obligatorio y por proveedores."
"account_146_0050","Pagos Anticipados a Suministradores - Sector Cooperativo","146.0050","asset_current","False","Rango oficial: 146 a 149. Se registran en estas cuentas el importe de los pagos efectuados a los proveedores por la recepción futura de los productos o mercancías, así como por la aceptación posterior de los trabajos o servicios, en virtud de los contratos suscritos o pactos aceptados. Se debitan por los pagos anticipados efectuados y se acreditan por el importe de los productos, mercancías y servicios recibidos, así como por los reintegros por pagos en exceso. Se analiza por subcuentas de uso obligatorio y por proveedores."
"account_146_0060","Pagos Anticipados a Suministradores - Personas Naturales","146.0060","asset_current","False","Rango oficial: 146 a 149. Se registran en estas cuentas el importe de los pagos efectuados a los proveedores por la recepción futura de los productos o mercancías, así como por la aceptación posterior de los trabajos o servicios, en virtud de los contratos suscritos o pactos aceptados. Se debitan por los pagos anticipados efectuados y se acreditan por el importe de los productos, mercancías y servicios recibidos, así como por los reintegros por pagos en exceso. Se analiza por subcuentas de uso obligatorio y por proveedores."
"account_150_0010","Pagos Anticipados del Proceso Inversionista - Dentro del Órgano u Organismo","150.0010","asset_current","False","Rango oficial: 150 a 152. Estas cuentas registran los importes de los pagos efectuados a los ejecutores de las inversiones (entidades constructoras, de proyectos, nuevas formas de gestión autorizadas o suministradores de equipos y de materiales) previos a la recepción de los equipos y materiales o a la ejecución de los trabajos, de acuerdo con los contratos suscritos. Se debitan al realizarse los pagos anticipados y se acreditan al recibirse los equipos, materiales y las Certificaciones de Avance de Obras justificativas de la ejecución de las inversiones materiales. Se analiza por subcuentas de uso obligatorio y por proveedores."
"account_150_0020","Pagos Anticipados del Proceso Inversionista - Fuera del Órgano u Organismo","150.0020","asset_current","False","Rango oficial: 150 a 152. Estas cuentas registran los importes de los pagos efectuados a los ejecutores de las inversiones (entidades constructoras, de proyectos, nuevas formas de gestión autorizadas o suministradores de equipos y de materiales) previos a la recepción de los equipos y materiales o a la ejecución de los trabajos, de acuerdo con los contratos suscritos. Se debitan al realizarse los pagos anticipados y se acreditan al recibirse los equipos, materiales y las Certificaciones de Avance de Obras justificativas de la ejecución de las inversiones materiales. Se analiza por subcuentas de uso obligatorio y por proveedores."
"account_150_0030","Pagos Anticipados del Proceso Inversionista - En el Extranjero","150.0030","asset_current","False","Rango oficial: 150 a 152. Estas cuentas registran los importes de los pagos efectuados a los ejecutores de las inversiones (entidades constructoras, de proyectos, nuevas formas de gestión autorizadas o suministradores de equipos y de materiales) previos a la recepción de los equipos y materiales o a la ejecución de los trabajos, de acuerdo con los contratos suscritos. Se debitan al realizarse los pagos anticipados y se acreditan al recibirse los equipos, materiales y las Certificaciones de Avance de Obras justificativas de la ejecución de las inversiones materiales. Se analiza por subcuentas de uso obligatorio y por proveedores."
"account_150_0040","Pagos Anticipados del Proceso Inversionista - Dentro del Grupo Empresarial","150.0040","asset_current","False","Rango oficial: 150 a 152. Estas cuentas registran los importes de los pagos efectuados a los ejecutores de las inversiones (entidades constructoras, de proyectos, nuevas formas de gestión autorizadas o suministradores de equipos y de materiales) previos a la recepción de los equipos y materiales o a la ejecución de los trabajos, de acuerdo con los contratos suscritos. Se debitan al realizarse los pagos anticipados y se acreditan al recibirse los equipos, materiales y las Certificaciones de Avance de Obras justificativas de la ejecución de las inversiones materiales. Se analiza por subcuentas de uso obligatorio y por proveedores."
"account_150_0050","Pagos Anticipados del Proceso Inversionista - Sector Cooperativo","150.0050","asset_current","False","Rango oficial: 150 a 152. Estas cuentas registran los importes de los pagos efectuados a los ejecutores de las inversiones (entidades constructoras, de proyectos, nuevas formas de gestión autorizadas o suministradores de equipos y de materiales) previos a la recepción de los equipos y materiales o a la ejecución de los trabajos, de acuerdo con los contratos suscritos. Se debitan al realizarse los pagos anticipados y se acreditan al recibirse los equipos, materiales y las Certificaciones de Avance de Obras justificativas de la ejecución de las inversiones materiales. Se analiza por subcuentas de uso obligatorio y por proveedores."
"account_150_0060","Pagos Anticipados del Proceso Inversionista - Personas Naturales","150.0060","asset_current","False","Rango oficial: 150 a 152. Estas cuentas registran los importes de los pagos efectuados a los ejecutores de las inversiones (entidades constructoras, de proyectos, nuevas formas de gestión autorizadas o suministradores de equipos y de materiales) previos a la recepción de los equipos y materiales o a la ejecución de los trabajos, de acuerdo con los contratos suscritos. Se debitan al realizarse los pagos anticipados y se acreditan al recibirse los equipos, materiales y las Certificaciones de Avance de Obras justificativas de la ejecución de las inversiones materiales. Se analiza por subcuentas de uso obligatorio y por proveedores."
"account_153","Materiales Anticipados del Proceso Inversionista","153","asset_current","False","Codigo oficial: 153. Estas cuentas registran los importes de los materiales entregados a los ejecutores de las inversiones (entidades constructoras, de proyectos, nuevas formas de gestión autorizadas o suministradores de equipos y de materiales) operación que tiene que estar respaldada en los contratos de ejecución de obra. Se debitan al realizarse los pagos anticipados y se acreditan al recibirse los equipos, materiales y las Certificaciones de Avance de Obras justificativas de la ejecución de las inversiones materiales."
"account_154","Adeudos con Cobros Diferidos (Uso Exclusivo de Empresas de Seguro)","154","asset_current","False","Codigo oficial: 154. Representa el importe por cobrar de la actividad de seguros cuyo plazo de cobro es aún no exigible en el período que se informa. Se registra contablemente al final de cada período revertiéndose esta anotación al principio de cada mes. Se debitan por el saldo de las Cuentas por Cobrar no exigibles de Seguro y Reaseguro. Se acreditan por la cancelación del comprobante que se realiza al final del mes de los saldos no exigibles que están registrados en las Cuentas por Cobrar de Seguro y Reaseguro. Esta cuenta es de uso exclusivo para Empresas de Seguro."
"account_161","Anticipos a Justificar","161","asset_current","False","Rango oficial: 161 a 163. Se registra el importe de los anticipos entregados a los trabajadores con el objetivo de financiar gastos administrativos u operacionales, incurridos en la comisión de servicios. Se debitan por los anticipos concedidos pagados por el importe de las tarjetas prepagadas para combustible, en el momento en que se entreguen a las personas autorizadas para su uso y se acreditan por la liquidación de estos."
"account_164_0001","Adeudos del Presupuesto del Estado - Impuesto sobre Ventas","164.0001","asset_current","False","Rango oficial: 164 a 166. Representan los importes pendientes de recibir del Presupuesto del Estado, de acuerdo con las regulaciones financieras vigentes. Comprenden, al final del período contable, los importes pendientes de recibir por los pagos en exceso al Presupuesto del Estado por concepto de impuestos, contribuciones y de pagos por concepto de seguridad social a corto plazo, pendientes de reintegrar. Se analiza por subcuentas de uso obligatorio correspondiéndose con la sección del Clasificador de Recursos Financieros."
"account_164_0002","Adeudos del Presupuesto del Estado - Impuesto sobre los Servicios Públicos","164.0002","asset_current","False","Rango oficial: 164 a 166. Representan los importes pendientes de recibir del Presupuesto del Estado, de acuerdo con las regulaciones financieras vigentes. Comprenden, al final del período contable, los importes pendientes de recibir por los pagos en exceso al Presupuesto del Estado por concepto de impuestos, contribuciones y de pagos por concepto de seguridad social a corto plazo, pendientes de reintegrar. Se analiza por subcuentas de uso obligatorio correspondiéndose con la sección del Clasificador de Recursos Financieros."
"account_164_0003","Adeudos del Presupuesto del Estado - Aranceles de Aduana","164.0003","asset_current","False","Rango oficial: 164 a 166. Representan los importes pendientes de recibir del Presupuesto del Estado, de acuerdo con las regulaciones financieras vigentes. Comprenden, al final del período contable, los importes pendientes de recibir por los pagos en exceso al Presupuesto del Estado por concepto de impuestos, contribuciones y de pagos por concepto de seguridad social a corto plazo, pendientes de reintegrar. Se analiza por subcuentas de uso obligatorio correspondiéndose con la sección del Clasificador de Recursos Financieros."
"account_164_0004","Adeudos del Presupuesto del Estado - Impuesto sobre Utilidades","164.0004","asset_current","False","Rango oficial: 164 a 166. Representan los importes pendientes de recibir del Presupuesto del Estado, de acuerdo con las regulaciones financieras vigentes. Comprenden, al final del período contable, los importes pendientes de recibir por los pagos en exceso al Presupuesto del Estado por concepto de impuestos, contribuciones y de pagos por concepto de seguridad social a corto plazo, pendientes de reintegrar. Se analiza por subcuentas de uso obligatorio correspondiéndose con la sección del Clasificador de Recursos Financieros."
"account_164_0005","Adeudos del Presupuesto del Estado - Impuesto sobre Ingresos Personales","164.0005","asset_current","False","Rango oficial: 164 a 166. Representan los importes pendientes de recibir del Presupuesto del Estado, de acuerdo con las regulaciones financieras vigentes. Comprenden, al final del período contable, los importes pendientes de recibir por los pagos en exceso al Presupuesto del Estado por concepto de impuestos, contribuciones y de pagos por concepto de seguridad social a corto plazo, pendientes de reintegrar. Se analiza por subcuentas de uso obligatorio correspondiéndose con la sección del Clasificador de Recursos Financieros."
"account_164_0006","Adeudos del Presupuesto del Estado - Impuesto sobre los Recursos","164.0006","asset_current","False","Rango oficial: 164 a 166. Representan los importes pendientes de recibir del Presupuesto del Estado, de acuerdo con las regulaciones financieras vigentes. Comprenden, al final del período contable, los importes pendientes de recibir por los pagos en exceso al Presupuesto del Estado por concepto de impuestos, contribuciones y de pagos por concepto de seguridad social a corto plazo, pendientes de reintegrar. Se analiza por subcuentas de uso obligatorio correspondiéndose con la sección del Clasificador de Recursos Financieros."
"account_164_0007","Adeudos del Presupuesto del Estado - Otros Impuestos","164.0007","asset_current","False","Rango oficial: 164 a 166. Representan los importes pendientes de recibir del Presupuesto del Estado, de acuerdo con las regulaciones financieras vigentes. Comprenden, al final del período contable, los importes pendientes de recibir por los pagos en exceso al Presupuesto del Estado por concepto de impuestos, contribuciones y de pagos por concepto de seguridad social a corto plazo, pendientes de reintegrar. Se analiza por subcuentas de uso obligatorio correspondiéndose con la sección del Clasificador de Recursos Financieros."
"account_164_0008","Adeudos del Presupuesto del Estado - Contribuciones","164.0008","asset_current","False","Rango oficial: 164 a 166. Representan los importes pendientes de recibir del Presupuesto del Estado, de acuerdo con las regulaciones financieras vigentes. Comprenden, al final del período contable, los importes pendientes de recibir por los pagos en exceso al Presupuesto del Estado por concepto de impuestos, contribuciones y de pagos por concepto de seguridad social a corto plazo, pendientes de reintegrar. Se analiza por subcuentas de uso obligatorio correspondiéndose con la sección del Clasificador de Recursos Financieros."
"account_164_0009","Adeudos del Presupuesto del Estado - Tasas","164.0009","asset_current","False","Rango oficial: 164 a 166. Representan los importes pendientes de recibir del Presupuesto del Estado, de acuerdo con las regulaciones financieras vigentes. Comprenden, al final del período contable, los importes pendientes de recibir por los pagos en exceso al Presupuesto del Estado por concepto de impuestos, contribuciones y de pagos por concepto de seguridad social a corto plazo, pendientes de reintegrar. Se analiza por subcuentas de uso obligatorio correspondiéndose con la sección del Clasificador de Recursos Financieros."
"account_164_0010","Adeudos del Presupuesto del Estado - Ingresos No tributarios","164.0010","asset_current","False","Rango oficial: 164 a 166. Representan los importes pendientes de recibir del Presupuesto del Estado, de acuerdo con las regulaciones financieras vigentes. Comprenden, al final del período contable, los importes pendientes de recibir por los pagos en exceso al Presupuesto del Estado por concepto de impuestos, contribuciones y de pagos por concepto de seguridad social a corto plazo, pendientes de reintegrar. Se analiza por subcuentas de uso obligatorio correspondiéndose con la sección del Clasificador de Recursos Financieros."
"account_164_0011","Adeudos del Presupuesto del Estado - Rentas de la Propiedad","164.0011","asset_current","False","Rango oficial: 164 a 166. Representan los importes pendientes de recibir del Presupuesto del Estado, de acuerdo con las regulaciones financieras vigentes. Comprenden, al final del período contable, los importes pendientes de recibir por los pagos en exceso al Presupuesto del Estado por concepto de impuestos, contribuciones y de pagos por concepto de seguridad social a corto plazo, pendientes de reintegrar. Se analiza por subcuentas de uso obligatorio correspondiéndose con la sección del Clasificador de Recursos Financieros."
"account_164_0012","Adeudos del Presupuesto del Estado - Transferencias Corrientes","164.0012","asset_current","False","Rango oficial: 164 a 166. Representan los importes pendientes de recibir del Presupuesto del Estado, de acuerdo con las regulaciones financieras vigentes. Comprenden, al final del período contable, los importes pendientes de recibir por los pagos en exceso al Presupuesto del Estado por concepto de impuestos, contribuciones y de pagos por concepto de seguridad social a corto plazo, pendientes de reintegrar. Se analiza por subcuentas de uso obligatorio correspondiéndose con la sección del Clasificador de Recursos Financieros."
"account_164_0013","Adeudos del Presupuesto del Estado - Ingresos de Operaciones","164.0013","asset_current","False","Rango oficial: 164 a 166. Representan los importes pendientes de recibir del Presupuesto del Estado, de acuerdo con las regulaciones financieras vigentes. Comprenden, al final del período contable, los importes pendientes de recibir por los pagos en exceso al Presupuesto del Estado por concepto de impuestos, contribuciones y de pagos por concepto de seguridad social a corto plazo, pendientes de reintegrar. Se analiza por subcuentas de uso obligatorio correspondiéndose con la sección del Clasificador de Recursos Financieros."
"account_164_0014","Adeudos del Presupuesto del Estado - Recursos Propios de Capital","164.0014","asset_current","False","Rango oficial: 164 a 166. Representan los importes pendientes de recibir del Presupuesto del Estado, de acuerdo con las regulaciones financieras vigentes. Comprenden, al final del período contable, los importes pendientes de recibir por los pagos en exceso al Presupuesto del Estado por concepto de impuestos, contribuciones y de pagos por concepto de seguridad social a corto plazo, pendientes de reintegrar. Se analiza por subcuentas de uso obligatorio correspondiéndose con la sección del Clasificador de Recursos Financieros."
"account_164_0015","Adeudos del Presupuesto del Estado - Transferencias de Capital","164.0015","asset_current","False","Rango oficial: 164 a 166. Representan los importes pendientes de recibir del Presupuesto del Estado, de acuerdo con las regulaciones financieras vigentes. Comprenden, al final del período contable, los importes pendientes de recibir por los pagos en exceso al Presupuesto del Estado por concepto de impuestos, contribuciones y de pagos por concepto de seguridad social a corto plazo, pendientes de reintegrar. Se analiza por subcuentas de uso obligatorio correspondiéndose con la sección del Clasificador de Recursos Financieros."
"account_164_0016","Adeudos del Presupuesto del Estado - Otros Recursos Financieros","164.0016","asset_current","False","Rango oficial: 164 a 166. Representan los importes pendientes de recibir del Presupuesto del Estado, de acuerdo con las regulaciones financieras vigentes. Comprenden, al final del período contable, los importes pendientes de recibir por los pagos en exceso al Presupuesto del Estado por concepto de impuestos, contribuciones y de pagos por concepto de seguridad social a corto plazo, pendientes de reintegrar. Se analiza por subcuentas de uso obligatorio correspondiéndose con la sección del Clasificador de Recursos Financieros."
"account_164_0020","Adeudos del Presupuesto del Estado - Invalidez Parcial","164.0020","asset_current","False","Rango oficial: 164 a 166. Representan los importes pendientes de recibir del Presupuesto del Estado, de acuerdo con las regulaciones financieras vigentes. Comprenden, al final del período contable, los importes pendientes de recibir por los pagos en exceso al Presupuesto del Estado por concepto de impuestos, contribuciones y de pagos por concepto de seguridad social a corto plazo, pendientes de reintegrar. Se analiza por subcuentas de uso obligatorio correspondiéndose con la sección del Clasificador de Recursos Financieros."
"account_164_0030","Adeudos del Presupuesto del Estado - Licencias de Maternidad","164.0030","asset_current","False","Rango oficial: 164 a 166. Representan los importes pendientes de recibir del Presupuesto del Estado, de acuerdo con las regulaciones financieras vigentes. Comprenden, al final del período contable, los importes pendientes de recibir por los pagos en exceso al Presupuesto del Estado por concepto de impuestos, contribuciones y de pagos por concepto de seguridad social a corto plazo, pendientes de reintegrar. Se analiza por subcuentas de uso obligatorio correspondiéndose con la sección del Clasificador de Recursos Financieros."
"account_164_0040","Adeudos del Presupuesto del Estado - Reintegro Aporte de Microbrigada","164.0040","asset_current","False","Rango oficial: 164 a 166. Representan los importes pendientes de recibir del Presupuesto del Estado, de acuerdo con las regulaciones financieras vigentes. Comprenden, al final del período contable, los importes pendientes de recibir por los pagos en exceso al Presupuesto del Estado por concepto de impuestos, contribuciones y de pagos por concepto de seguridad social a corto plazo, pendientes de reintegrar. Se analiza por subcuentas de uso obligatorio correspondiéndose con la sección del Clasificador de Recursos Financieros."
"account_164_0090","Adeudos del Presupuesto del Estado - Otros","164.0090","asset_current","False","Rango oficial: 164 a 166. Representan los importes pendientes de recibir del Presupuesto del Estado, de acuerdo con las regulaciones financieras vigentes. Comprenden, al final del período contable, los importes pendientes de recibir por los pagos en exceso al Presupuesto del Estado por concepto de impuestos, contribuciones y de pagos por concepto de seguridad social a corto plazo, pendientes de reintegrar. Se analiza por subcuentas de uso obligatorio correspondiéndose con la sección del Clasificador de Recursos Financieros."
"account_167","Adeudos del Órgano u Organismo","167","asset_current","False","Rango oficial: 167 a 170. Representan los importes pendientes de recibir directamente del órgano, organismo, unión o grupo empresarial al que se subordina la entidad, de acuerdo con las regulaciones financieras vigentes. Se debitan por los importes pendientes de recibir de los órganos, organismos o uniones y se acreditan por los importes recibidos."
"account_173","Ingresos Acumulados por Cobrar","173","asset_current","True","Rango oficial: 173 a 180. Comprenden, al cierre del período contable, los ingresos que se encuentran devengados y en proceso de cobro e incluyen entre otros: Intereses, rentas, almacenaje, comisiones, etc. También incluyen los servicios que han sido prestados y se encuentran pendientes de facturación. Se debitan por los ingresos devengados pendientes de cobro al cierre del período contable y se acreditan por el cobro de estos. En empresas que prestan servicios de transporte aéreo incluye ventas de boletos y guías aéreas vendidas, procesadas por el nivel central y las estimaciones de los reportes de ventas que han sido procesados por las unidades y no por el nivel central en el mismo mes."
"account_181","Dividendos y Participaciones por Cobrar","181","asset_current","True","Codigo oficial: 181. Comprenden, al cierre de cada período contable, los ingresos que se encuentran devengados y en proceso de cobro por concepto de dividendos o beneficios por ser partes en contrato de asociación económica internacional. Debe analizarse por asociaciones económicas. Cuando se trate de dividendos de inversiones financieras representadas por acciones, el ingreso debe reconocerse cuando sea declarado por la entidad emisora de las acciones. Se debitan por los ingresos devengados pendientes de cobro al cierre del período contable y se acreditan por el cobro de estos."
"account_182","Ingresos Acumulados por Cobrar – Reaseguros Aceptados","182","asset_current","True","Codigo oficial: 182. Comprenden, al cierre del año, los ingresos que se encuentran devengados y en proceso de cobro por concepto de reaseguros aceptados. Debe analizarse por entidades deudoras. Se debitan por los dividendos declarados pendientes de cobro al cierre del período contable y se acreditan por el cobro de estos."
"account_183","Materias Primas y Materiales","183","asset_current","False","Codigo oficial: 183. Representan las existencias de las materias primas y materiales que la entidad necesita para asegurar los niveles de actividad. Incluye entre otros, materiales de oficina, artículos de limpieza y aseo, artículos de ferretería y eléctricos, libros y revistas que no constituyen fondos bibliotecarios, y artículos semielaborados que requieren procesos complementarios para su elaboración. Se debitan por la adquisición de las materias primas y materiales, por sobrantes detectados, por devoluciones al almacén procedentes del proceso de producción o por materiales extraídos para el consumo no productivo, por revalorizaciones acorde a las legislaciones vigentes y se acreditan por las salidas de estos para ser consumidos en la producción que se elabora o en la prestación de un servicio, así como a satisfacer necesidades administrativas y de servicios, por ventas y bajas por pérdidas, mermas, roturas o faltantes, por revalorizaciones efectuadas acorde a la legislación vigente, por devoluciones a los proveedores. El importe de los valores de los recursos materiales que al final del mes habiéndose pagado se encuentran en tránsito, también se registran en esta cuenta."
"account_184","Combustibles y Lubricantes","184","asset_current","False","Codigo oficial: 184. Son las existencias de combustibles, aceites y lubricantes destinados a la generación de energía (eléctrica, automotor, vapor, etc.), recibidos de los proveedores y los desechos y desperdicios obtenidos en el proceso de producción que se utilizan como combustible que se encuentran almacenados. Se debitan por el importe de las existencias recibidas de los proveedores y otras fuentes excepto los producidos para insumo, por revaloraciones efectuadas acorde a la legislación vigente, por sobrantes detectados. Se acreditan por el valor de la salida del combustible y lubricantes, por rebajas por concepto de deterioro, por revaloraciones efectuadas acorde a las legislaciones vigentes por las bajas por mermas y faltantes y por devoluciones a los proveedores. El importe de los valores de los combustibles, lubricantes y aceites que al final del mes habiéndose pagado se encuentran en tránsito, también se registran en esta cuenta."
"account_185","Partes y Piezas de Repuesto","185","asset_current","False","Codigo oficial: 185. Son las existencias de las partes y piezas de repuesto adquiridas, recuperadas u obtenidas a partir del desmantelamiento de los activos fijos dados de baja por la entidad; de los sobrantes de las inversiones; del desarme de activos fijos adquiridos para desmantelamiento o de la fabricación por la entidad con destino al insumo o a su comercialización. Se debitan por los importes que representa las partes y piezas de repuesto que se han recibido: Por las partes y piezas recuperadas, por revalorizaciones de acuerdo a la legislación vigente. Se acreditan por la salida de las partes y piezas destinadas a las reparaciones capitales o al mantenimiento de los Activos Fijos Tangibles de la propia entidad, por revalorizaciones efectuadas según la legislación vigente, por ventas. El importe de los valores de las partes y piezas que al final del mes habiéndose pagado se encuentran en tránsito, también se registran en esta cuenta."
"account_186","Envases y Embalajes","186","asset_current","False","Codigo oficial: 186. Son las existencias de los envases y embalajes destinados a contener los productos elaborados o a facilitar su entrega. Por sus características pueden ser reutilizables con el mismo objetivo. Se incluyen los envases y embalajes que se encuentran en poder de los clientes y que deben ser devueltos de acuerdo a los contratos establecidos. Se debitan por los importes que representan los envases y embalajes que se han recibido, por sobrantes detectados, por revalorizaciones de acuerdo a la legislación vigente. Se acreditan cuando causen baja por la no devolución de los mismos o por deterioro o rotura, por ventas y por revalorizaciones efectuadas según la legislación vigente. El importe de los valores de los envases y embalajes que al final del mes habiéndose pagado se encuentran en tránsito, también se registran en esta cuenta."
"account_187","Útiles, Herramientas y Otros","187","asset_current","False","Codigo oficial: 187. Son las existencias de aquellos utensilios, generalmente movibles y manuales, que se utilizan para realizar las actividades de la entidad, comprende entre otros, herramientas de talleres, de uso agrícola, artes e implementos de pesca; utensilios de cocina; locería; cubiertos; material fílmico; artículos de protección personal; moldes; matrices; plantillas; estampas; troqueles, instrumentos médicos y otros no considerados como activos fijos, a los que se le aplicará algunos de los métodos de desgaste. Se debitan por los importes de útiles y herramientas adquiridos y los producidos por la propia entidad, por revalorizaciones efectuadas según la legislación vigente, por sobrante detectado. Se acreditan dependiendo del método de desgaste utilizado al ponerse en uso o cuando causen baja por faltantes o roturas, por revalorizaciones efectuadas según la legislación vigentes, por ventas, por devoluciones a los proveedores. El importe de los valores de los útiles y herramientas que al final del mes habiéndose pagado se encuentran en tránsito, también se registran en esta cuenta. Se analiza de manera diferenciada las que están en Almacén de las que se encuentran en uso."
"account_188_0020","Producción Terminada - Producción y Ventas","188.0020","asset_current","False","Codigo oficial: 188. Son las existencias de los artículos, productos o mercancías producidas por la propia entidad, que se entregaron en el almacén de productos terminados, que están listas para pasar a la circulación mercantil. Se debitan por los importes de la producción terminada, que se almacenan, por las partes y piezas de repuesto elaborados con medios propios que después de terminado el proceso de restauración o reparación no se hayan utilizado, por los sobrantes, por transferencias de otras dependencias. Se acreditan por los costos de las producciones vendidas, por traslados internos, por baja por faltantes, mermas o roturas; en caso de entidades constructoras o de proyecto se registra el costo real de la producción certificada hasta tanto se efectúe la facturación correspondiente. Se analiza por subcuentas de uso obligatorio definidas en el nomenclador de cuentas."
"account_188_0040","Producción Terminada - Otros Aumentos","188.0040","asset_current","False","Codigo oficial: 188. Son las existencias de los artículos, productos o mercancías producidas por la propia entidad, que se entregaron en el almacén de productos terminados, que están listas para pasar a la circulación mercantil. Se debitan por los importes de la producción terminada, que se almacenan, por las partes y piezas de repuesto elaborados con medios propios que después de terminado el proceso de restauración o reparación no se hayan utilizado, por los sobrantes, por transferencias de otras dependencias. Se acreditan por los costos de las producciones vendidas, por traslados internos, por baja por faltantes, mermas o roturas; en caso de entidades constructoras o de proyecto se registra el costo real de la producción certificada hasta tanto se efectúe la facturación correspondiente. Se analiza por subcuentas de uso obligatorio definidas en el nomenclador de cuentas."
"account_188_0050","Producción Terminada - Otras Disminuciones","188.0050","asset_current","False","Codigo oficial: 188. Son las existencias de los artículos, productos o mercancías producidas por la propia entidad, que se entregaron en el almacén de productos terminados, que están listas para pasar a la circulación mercantil. Se debitan por los importes de la producción terminada, que se almacenan, por las partes y piezas de repuesto elaborados con medios propios que después de terminado el proceso de restauración o reparación no se hayan utilizado, por los sobrantes, por transferencias de otras dependencias. Se acreditan por los costos de las producciones vendidas, por traslados internos, por baja por faltantes, mermas o roturas; en caso de entidades constructoras o de proyecto se registra el costo real de la producción certificada hasta tanto se efectúe la facturación correspondiente. Se analiza por subcuentas de uso obligatorio definidas en el nomenclador de cuentas."
"account_188_0099","Producción Terminada - Contrapartida (Opcional)","188.0099","asset_current","False","Codigo oficial: 188. Son las existencias de los artículos, productos o mercancías producidas por la propia entidad, que se entregaron en el almacén de productos terminados, que están listas para pasar a la circulación mercantil. Se debitan por los importes de la producción terminada, que se almacenan, por las partes y piezas de repuesto elaborados con medios propios que después de terminado el proceso de restauración o reparación no se hayan utilizado, por los sobrantes, por transferencias de otras dependencias. Se acreditan por los costos de las producciones vendidas, por traslados internos, por baja por faltantes, mermas o roturas; en caso de entidades constructoras o de proyecto se registra el costo real de la producción certificada hasta tanto se efectúe la facturación correspondiente. Se analiza por subcuentas de uso obligatorio definidas en el nomenclador de cuentas."
"account_189","Mercancías para la Venta","189","asset_current","False","Codigo oficial: 189. Se registra en esta cuenta el importe de las mercancías destinadas a ser vendidas que se han recibido de los proveedores, háyanse pagado o no. Pueden estar valoradas a precio de adquisición o de venta. Se debitan por las mercancías destinadas a ser vendidas, por sobrantes detectados y por los montos que representan los recargos comerciales. Se acreditan por las mercancías vendidas a los clientes, bajas por faltantes, mermas o roturas, por disminuciones de precios, en caso de que se controle a precio de ventas. Cuando el control de las existencias de las mercancías se realiza al precio de venta se debe utilizar la cuenta Descuentos Comerciales e Impuestos. El importe de los valores de las mercancías para la venta que al final del mes, habiéndose pagado se encuentren en tránsito, también se registran en esta cuenta."
"account_190","Medicamentos","190","asset_current","False","Codigo oficial: 190. Representa las existencias de materiales que se utilizan en la curación y profilaxis humana y veterinaria, así como en las investigaciones en el campo de la Salud Pública. Incluye los medicamentos, materiales de curación, materiales de laboratorios y radiográficos. Se debitan por las entradas de estos materiales para el insumo, por los sobrantes al ser detectados y se acreditan por las salidas de estos al ser insumidos, por las bajas por faltantes, mermas o roturas. El importe de los valores de los recursos materiales definidos como medicamentos que al final del mes habiéndose pagado se encuentran en tránsito, también se registra en esta cuenta."
"account_191","Base Material de Estudio","191","asset_current","False","Codigo oficial: 191. Representa las existencias de los materiales utilizados para impartir la enseñanza en cualesquiera de los niveles educacionales. Incluye entre otros, libros, libretas, cuadernos, folletos, lápices, gomas, bolígrafos, reglas, tizas, mapas, atlas, pizarras, pantallas, borradores, juguetes utilizados en círculos infantiles, jardines de infancias y escuelas especiales. Se debitan por las entradas de estos materiales, por los sobrantes al ser detectados y se acreditan por las salidas de estos al ser insumidos, por las bajas por faltantes o roturas. El importe de los valores de los recursos materiales para la enseñanza que al final del mes, habiéndose pagado se encuentren en tránsito, también se registran en esta cuenta. Se analiza de manera diferenciada las que están en Almacén de las que se encuentran en uso."
"account_192","Vestuario y Lencería","192","asset_current","False","Codigo oficial: 192. Representan las existencias de vestuario, calzado y lencería. Se debitan por las entradas de estos materiales para el insumo, por los sobrantes al ser detectados y se acreditan por las salidas de estos al ser insumidos, por las bajas por faltantes, mermas o roturas. El importe de los valores de los recursos materiales denominados vestuario y lencería que al final del mes, habiéndose pagado se encuentren en tránsito, también se registran en esta cuenta."
"account_193","Alimentos","193","asset_current","False","Codigo oficial: 193. Representa las existencias de alimentos que la entidad necesita para asegurar su actividad, así como para los comedores. Incluye alimento para los animales. Se debitan por las entradas de los productos alimenticios, por los sobrantes al ser detectados y se acreditan por las salidas de estos al ser insumidos, por las bajas por faltantes, mermas o roturas. El importe de los valores de los alimentos que al final del mes habiéndose pagado se encuentran en tránsito, también se registran en esta cuenta."
"account_194","Inventarios de Mercancías de Importación","194","asset_current","False","Codigo oficial: 194. Se registran en estas cuentas por las entidades importadoras el importe de las mercancías destinadas a ser vendidas que se hayan recibido de los proveedores, háyase pagado o no. Se debitan por las entradas de mercancías para terceros y se acreditan por las salidas de estas."
"account_195","Inventarios de Mercancías de Exportación","195","asset_current","False","Codigo oficial: 195. Se registran en estas cuentas por las empresas exportadoras el importe de las mercancías destinadas a la exportación, háyanse pagado o no. Se debitan por las entradas de mercancías para terceros y se acreditan por las salidas de estas."
"account_196_0020","Producción para Insumo o Autoconsumo - Producción","196.0020","asset_current","False","Codigo oficial: 196. Esta cuenta representa el valor de las existencias de los recursos materiales producidos en la propia entidad y que no se destinan a la comercialización sino al insumo de las producciones fundamentales o a actividades de apoyo cuando se decide registrarlas previamente en cuentas otras cuentas de inventarios. Se debitan por las entradas de estos inventario y se acreditan por las salidas de estos al ser insumidos, por las bajas por faltantes, mermas o roturas u otras. Se analiza por subcuentas de uso obligatorio definidas en el nomenclador de cuentas."
"account_196_0030","Producción para Insumo o Autoconsumo - Traspaso a Producciones en Proceso","196.0030","asset_current","False","Codigo oficial: 196. Esta cuenta representa el valor de las existencias de los recursos materiales producidos en la propia entidad y que no se destinan a la comercialización sino al insumo de las producciones fundamentales o a actividades de apoyo cuando se decide registrarlas previamente en cuentas otras cuentas de inventarios. Se debitan por las entradas de estos inventario y se acreditan por las salidas de estos al ser insumidos, por las bajas por faltantes, mermas o roturas u otras. Se analiza por subcuentas de uso obligatorio definidas en el nomenclador de cuentas."
"account_196_0040","Producción para Insumo o Autoconsumo - Otros Aumentos","196.0040","asset_current","False","Codigo oficial: 196. Esta cuenta representa el valor de las existencias de los recursos materiales producidos en la propia entidad y que no se destinan a la comercialización sino al insumo de las producciones fundamentales o a actividades de apoyo cuando se decide registrarlas previamente en cuentas otras cuentas de inventarios. Se debitan por las entradas de estos inventario y se acreditan por las salidas de estos al ser insumidos, por las bajas por faltantes, mermas o roturas u otras. Se analiza por subcuentas de uso obligatorio definidas en el nomenclador de cuentas."
"account_196_0050","Producción para Insumo o Autoconsumo - Otras Disminuciones","196.0050","asset_current","False","Codigo oficial: 196. Esta cuenta representa el valor de las existencias de los recursos materiales producidos en la propia entidad y que no se destinan a la comercialización sino al insumo de las producciones fundamentales o a actividades de apoyo cuando se decide registrarlas previamente en cuentas otras cuentas de inventarios. Se debitan por las entradas de estos inventario y se acreditan por las salidas de estos al ser insumidos, por las bajas por faltantes, mermas o roturas u otras. Se analiza por subcuentas de uso obligatorio definidas en el nomenclador de cuentas."
"account_196_0099","Producción para Insumo o Autoconsumo - Contrapartida (Opcional)","196.0099","asset_current","False","Codigo oficial: 196. Esta cuenta representa el valor de las existencias de los recursos materiales producidos en la propia entidad y que no se destinan a la comercialización sino al insumo de las producciones fundamentales o a actividades de apoyo cuando se decide registrarlas previamente en cuentas otras cuentas de inventarios. Se debitan por las entradas de estos inventario y se acreditan por las salidas de estos al ser insumidos, por las bajas por faltantes, mermas o roturas u otras. Se analiza por subcuentas de uso obligatorio definidas en el nomenclador de cuentas."
"account_205","Otros Inventarios","205","asset_current","False","Rango oficial: 205 a 207. Representa las existencias de bienes no considerados en las cuentas descritas con anterioridad. Se debitan por las entradas de estos inventarios para el insumo, por los sobrantes al ser detectados y se acreditan por las salidas de estos al ser insumidos, por las bajas por faltantes, mermas o roturas. El importe de los valores de los recursos materiales que al final del mes, habiéndose pagado se encuentren en tránsito, también se registran en estas cuentas."
"account_208","Inventarios Ociosos","208","asset_current","False","Codigo oficial: 208. Representa la existencia de bienes cuyo bajo o nulo valor de uso o comercial, para la entidad propietaria o depositaria, determina su inmovilización absoluta por ausencia total de demanda. Se debitan por los importe de los bienes que se definan como tal y se acreditan por la venta de los mismos."
"account_209","Inventarios de Lento Movimiento","209","asset_current","False","Codigo oficial: 209. Representan los bienes en exceso que por su cantidad o período mínimo de rotación expuestos a la venta, requieren un tiempo prolongado para su consumo o venta, con independencia del valor de uso que posean. Los bienes de consumo e intermedios se definen de lento movimiento cuando las cantidades en existencia superan los ciclos de ventas o reaprovisionamiento establecidos para cada actividad. Para los de consumo, cuando supera los ciento veinte (120) días expuestos a la venta o al consumo y, posean coberturas para más de tres (3) meses. Se debitan por los importe de los bienes que sean definidos como tal y se acreditan por la venta de los mismos."
"account_211","Créditos Documentarios","211","asset_current","False","Codigo oficial: 211. Representa el importe total de las Cartas de Créditos emitidas y comprometidas con bancos a ser utilizadas como medios de pagos que liquidan deudas de carácter comercial, que pueden actuar como mecanismo de financiación del comercio y que aseguran el cobro al incorporar garantías bancarias, las cuales están sujetas a las regulaciones vigentes establecidas por la cámara de comercio internacional, mediante el cual un banco (Banco emisor) obrando por solicitud y conformidad con las instrucciones de un cliente (ordenante) emite su compromiso de pago a favor de un tercero (beneficiario) contra la presentación de documentos conformes a los términos del crédito. Se debitan por el cargo realizado por el Banco, donde se minora la cuenta bancaria de la entidad por el monto de la Carta de Crédito emitida y se acreditan por el valor negociado pagado de los documentos recibidos que amparan mercancías o servicios recibidos, así como por la cancelación del instrumento bancario y por la liberación de los saldos no utilizados y vencidos en el crédito. En el caso en que el Banco emita la Carta de Crédito y no efectúe el cargo por el monto de esta en la cuenta del cliente, hasta el momento del pago de los documentos que evidencian la entrega de mercancía o servicios recibidos, se procederá a registrar el instrumento en Cuentas Memorando o de Orden. Se analiza por Banco, por Carta de Crédito y por beneficiario."
"account_215_0010","Efectos por Cobrar a Largo Plazo - Dentro del Órgano u Organismo","215.0010","asset_non_current","True","Rango oficial: 215 a 217. Representan los documentos mercantiles de crédito recibidos y que están pendientes de cobro siempre que su fecha de vencimiento exceda al año, desglosado por clientes. Se debitan por los documentos recibidos y se acreditan, al ser cobrados estos o por la reclasificación de las cuentas que correspondan, al final de cada ejercicio económico, que se transfieren a Efectos por Cobrar a Corto Plazo. Se analiza por subcuentas de uso obligatorio y por clientes."
"account_215_0020","Efectos por Cobrar a Largo Plazo - Fuera del Órgano u Organismo","215.0020","asset_non_current","True","Rango oficial: 215 a 217. Representan los documentos mercantiles de crédito recibidos y que están pendientes de cobro siempre que su fecha de vencimiento exceda al año, desglosado por clientes. Se debitan por los documentos recibidos y se acreditan, al ser cobrados estos o por la reclasificación de las cuentas que correspondan, al final de cada ejercicio económico, que se transfieren a Efectos por Cobrar a Corto Plazo. Se analiza por subcuentas de uso obligatorio y por clientes."
"account_215_0030","Efectos por Cobrar a Largo Plazo - En el Extranjero","215.0030","asset_non_current","True","Rango oficial: 215 a 217. Representan los documentos mercantiles de crédito recibidos y que están pendientes de cobro siempre que su fecha de vencimiento exceda al año, desglosado por clientes. Se debitan por los documentos recibidos y se acreditan, al ser cobrados estos o por la reclasificación de las cuentas que correspondan, al final de cada ejercicio económico, que se transfieren a Efectos por Cobrar a Corto Plazo. Se analiza por subcuentas de uso obligatorio y por clientes."
"account_215_0040","Efectos por Cobrar a Largo Plazo - Dentro del Grupo Empresarial","215.0040","asset_non_current","True","Rango oficial: 215 a 217. Representan los documentos mercantiles de crédito recibidos y que están pendientes de cobro siempre que su fecha de vencimiento exceda al año, desglosado por clientes. Se debitan por los documentos recibidos y se acreditan, al ser cobrados estos o por la reclasificación de las cuentas que correspondan, al final de cada ejercicio económico, que se transfieren a Efectos por Cobrar a Corto Plazo. Se analiza por subcuentas de uso obligatorio y por clientes."
"account_215_0050","Efectos por Cobrar a Largo Plazo - Sector Cooperativo","215.0050","asset_non_current","True","Rango oficial: 215 a 217. Representan los documentos mercantiles de crédito recibidos y que están pendientes de cobro siempre que su fecha de vencimiento exceda al año, desglosado por clientes. Se debitan por los documentos recibidos y se acreditan, al ser cobrados estos o por la reclasificación de las cuentas que correspondan, al final de cada ejercicio económico, que se transfieren a Efectos por Cobrar a Corto Plazo. Se analiza por subcuentas de uso obligatorio y por clientes."
"account_215_0060","Efectos por Cobrar a Largo Plazo - Personas Naturales","215.0060","asset_non_current","True","Rango oficial: 215 a 217. Representan los documentos mercantiles de crédito recibidos y que están pendientes de cobro siempre que su fecha de vencimiento exceda al año, desglosado por clientes. Se debitan por los documentos recibidos y se acreditan, al ser cobrados estos o por la reclasificación de las cuentas que correspondan, al final de cada ejercicio económico, que se transfieren a Efectos por Cobrar a Corto Plazo. Se analiza por subcuentas de uso obligatorio y por clientes."
"account_218_0010","Cuentas por Cobrar a Largo Plazo - Dentro del Órgano u Organismo","218.0010","asset_receivable","True","Rango oficial: 218 a 220. Se registra en estas cuentas el importe de las ventas de productos y mercancías, el importe de los servicios prestados, incluyendo los asociados a la actividad de seguros, así como el valor de los trabajos ejecutados y de las Certificaciones de Avance de Obras facturados siempre que su fecha de vencimiento exceda al año, debiéndose analizar por clientes; considerando cada documento emitido y cobrado. Se debitan por las Facturas o Certificaciones emitidas y se acreditan al cobrarse estas o por la reclasificación de las cuentas que correspondan, al final de cada ejercicio económico, que se transfieren a Cuentas por Cobrar a Corto Plazo. Se analiza por subcuentas de uso obligatorio y por clientes."
"account_218_0020","Cuentas por Cobrar a Largo Plazo - Fuera del Órgano u Organismo","218.0020","asset_receivable","True","Rango oficial: 218 a 220. Se registra en estas cuentas el importe de las ventas de productos y mercancías, el importe de los servicios prestados, incluyendo los asociados a la actividad de seguros, así como el valor de los trabajos ejecutados y de las Certificaciones de Avance de Obras facturados siempre que su fecha de vencimiento exceda al año, debiéndose analizar por clientes; considerando cada documento emitido y cobrado. Se debitan por las Facturas o Certificaciones emitidas y se acreditan al cobrarse estas o por la reclasificación de las cuentas que correspondan, al final de cada ejercicio económico, que se transfieren a Cuentas por Cobrar a Corto Plazo. Se analiza por subcuentas de uso obligatorio y por clientes."
"account_218_0030","Cuentas por Cobrar a Largo Plazo - En el Extranjero","218.0030","asset_receivable","True","Rango oficial: 218 a 220. Se registra en estas cuentas el importe de las ventas de productos y mercancías, el importe de los servicios prestados, incluyendo los asociados a la actividad de seguros, así como el valor de los trabajos ejecutados y de las Certificaciones de Avance de Obras facturados siempre que su fecha de vencimiento exceda al año, debiéndose analizar por clientes; considerando cada documento emitido y cobrado. Se debitan por las Facturas o Certificaciones emitidas y se acreditan al cobrarse estas o por la reclasificación de las cuentas que correspondan, al final de cada ejercicio económico, que se transfieren a Cuentas por Cobrar a Corto Plazo. Se analiza por subcuentas de uso obligatorio y por clientes."
"account_218_0040","Cuentas por Cobrar a Largo Plazo - Dentro del Grupo Empresarial","218.0040","asset_receivable","True","Rango oficial: 218 a 220. Se registra en estas cuentas el importe de las ventas de productos y mercancías, el importe de los servicios prestados, incluyendo los asociados a la actividad de seguros, así como el valor de los trabajos ejecutados y de las Certificaciones de Avance de Obras facturados siempre que su fecha de vencimiento exceda al año, debiéndose analizar por clientes; considerando cada documento emitido y cobrado. Se debitan por las Facturas o Certificaciones emitidas y se acreditan al cobrarse estas o por la reclasificación de las cuentas que correspondan, al final de cada ejercicio económico, que se transfieren a Cuentas por Cobrar a Corto Plazo. Se analiza por subcuentas de uso obligatorio y por clientes."
"account_218_0050","Cuentas por Cobrar a Largo Plazo - Sector Cooperativo","218.0050","asset_receivable","True","Rango oficial: 218 a 220. Se registra en estas cuentas el importe de las ventas de productos y mercancías, el importe de los servicios prestados, incluyendo los asociados a la actividad de seguros, así como el valor de los trabajos ejecutados y de las Certificaciones de Avance de Obras facturados siempre que su fecha de vencimiento exceda al año, debiéndose analizar por clientes; considerando cada documento emitido y cobrado. Se debitan por las Facturas o Certificaciones emitidas y se acreditan al cobrarse estas o por la reclasificación de las cuentas que correspondan, al final de cada ejercicio económico, que se transfieren a Cuentas por Cobrar a Corto Plazo. Se analiza por subcuentas de uso obligatorio y por clientes."
"account_218_0060","Cuentas por Cobrar a Largo Plazo - Personas Naturales","218.0060","asset_receivable","True","Rango oficial: 218 a 220. Se registra en estas cuentas el importe de las ventas de productos y mercancías, el importe de los servicios prestados, incluyendo los asociados a la actividad de seguros, así como el valor de los trabajos ejecutados y de las Certificaciones de Avance de Obras facturados siempre que su fecha de vencimiento exceda al año, debiéndose analizar por clientes; considerando cada documento emitido y cobrado. Se debitan por las Facturas o Certificaciones emitidas y se acreditan al cobrarse estas o por la reclasificación de las cuentas que correspondan, al final de cada ejercicio económico, que se transfieren a Cuentas por Cobrar a Corto Plazo. Se analiza por subcuentas de uso obligatorio y por clientes."
"account_221_0010","Préstamos Concedidos a Cobrar a Largo Plazo - Dentro del Órgano u Organismo","221.0010","asset_non_current","False","Rango oficial: 221 a 224. Estas cuentas están constituidas por el importe de los préstamos concedidos por cobrar siempre que su fecha de vencimiento exceda al año. Debe analizarse por clientes; considerando cada documento emitido y cobrado. Se debitan por los documentos que se admitan como respaldo de los préstamos u obligaciones y se acreditan por los cobros o reclasificación de las cuentas que correspondan, al final de cada ejercicio económico, que se transfieren a Préstamos Recibidos y Otras Operaciones Crediticias a Cobrar a Corto Plazo. Se analiza por subcuentas de uso obligatorio y por clientes."
"account_221_0020","Préstamos Concedidos a Cobrar a Largo Plazo - Fuera del Órgano u Organismo","221.0020","asset_non_current","False","Rango oficial: 221 a 224. Estas cuentas están constituidas por el importe de los préstamos concedidos por cobrar siempre que su fecha de vencimiento exceda al año. Debe analizarse por clientes; considerando cada documento emitido y cobrado. Se debitan por los documentos que se admitan como respaldo de los préstamos u obligaciones y se acreditan por los cobros o reclasificación de las cuentas que correspondan, al final de cada ejercicio económico, que se transfieren a Préstamos Recibidos y Otras Operaciones Crediticias a Cobrar a Corto Plazo. Se analiza por subcuentas de uso obligatorio y por clientes."
"account_221_0030","Préstamos Concedidos a Cobrar a Largo Plazo - En el Extranjero","221.0030","asset_non_current","False","Rango oficial: 221 a 224. Estas cuentas están constituidas por el importe de los préstamos concedidos por cobrar siempre que su fecha de vencimiento exceda al año. Debe analizarse por clientes; considerando cada documento emitido y cobrado. Se debitan por los documentos que se admitan como respaldo de los préstamos u obligaciones y se acreditan por los cobros o reclasificación de las cuentas que correspondan, al final de cada ejercicio económico, que se transfieren a Préstamos Recibidos y Otras Operaciones Crediticias a Cobrar a Corto Plazo. Se analiza por subcuentas de uso obligatorio y por clientes."
"account_221_0040","Préstamos Concedidos a Cobrar a Largo Plazo - Dentro del Grupo Empresarial","221.0040","asset_non_current","False","Rango oficial: 221 a 224. Estas cuentas están constituidas por el importe de los préstamos concedidos por cobrar siempre que su fecha de vencimiento exceda al año. Debe analizarse por clientes; considerando cada documento emitido y cobrado. Se debitan por los documentos que se admitan como respaldo de los préstamos u obligaciones y se acreditan por los cobros o reclasificación de las cuentas que correspondan, al final de cada ejercicio económico, que se transfieren a Préstamos Recibidos y Otras Operaciones Crediticias a Cobrar a Corto Plazo. Se analiza por subcuentas de uso obligatorio y por clientes."
"account_225","Inversiones a Largo Plazo o Permanentes","225","asset_non_current","False","Rango oficial: 225 a 234. Comprenden las inversiones financieras de recursos para la adquisición de Activos, los cuales no están relacionados con las actividades de la entidad. Estos Activos se adquieren sin la intención de tenerlos disponibles para el pago del Pasivo Circulante o de las operaciones corrientes, sino como fuentes de ingresos futuros. Incluyen entre otras, adquisiciones de acciones de Capital y bonos de otras empresas, propiedades no relacionadas con las operaciones de la entidad, fondos destinados a fines específicos distintos al pago del Pasivo Circulante. Se debitan por los importes de las inversiones financieras efectuadas y se acreditan por la liquidación de estas."
"account_240","Activos Fijos Tangibles","240","asset_fixed","False","Rango oficial: 240 a 251. Representan propiedades físicamente tangibles que han de utilizarse por un período largo en las operaciones regulares de la entidad y que normalmente no se destinan a la venta. Estos Activos, con excepción de los terrenos y los animales productivos del ganado mayor, trasladan su valor paulatinamente, durante su vida útil, a la producción de bienes y a la prestación de servicios. En el caso de los animales productivos su valor se traslada de una sola vez, al final de su vida útil productiva. Incluyen entre otros, terrenos (cuando la legislación lo considere), plantaciones permanentes, animales productivos del ganado mayor, animales de trabajo, animales domados y de exposición, edificios y construcciones, maquinarias y equipos, equipos de transporte, muebles, enseres y equipos de oficina, equipos de laboratorio, los yacimientos y desarrollos mineros y los fomentos y desarrollos forestales, entre otros. Se registran por su valor de adquisición y los gastos de transportación y montaje, en los casos de los adquiridos y en los ejecutados con medios propios, se valoran de acuerdo con las disposiciones vigentes. Se debitan por las altas de los Activos Fijos y se acreditan por las bajas o ventas de estos."
"account_252","Fondos Bibliotecarios","252","asset_fixed","False","Codigo oficial: 252. Se registra en esta cuenta el importe de la dotación inicial de los fondos bibliotecarios, así como las adquisiciones para reposiciones o ampliaciones posteriores. Incluye medios que sirven para el trabajo bibliotecario tales como casettes, discos, vistas fijas, películas de video, entre otros. Esta cuenta es de uso para las entidades que tienen actividad de biblioteca y los fondos no deprecian. Se debitan por la adquisición de los fondos bibliotecarios o la apreciación de ellos, por sobrantes detectados al tenerse conocimiento de los mismos. Se acreditan por baja por faltantes, roturas o pérdidas por deterioro en el momento de tenerse conocimiento de los mismos."
"account_253","Medios y Equipos para Alquilar","253","asset_fixed","False","Codigo oficial: 253. Comprende el valor de las existencias de medios y equipos destinados al alquiler en ferias, congresos y exposiciones. Se debitan por la designación de los medios para estos fines y se acredita por la baja por deterioro o desuso de estos. Debe analizarse por subcuentas para identificar los que se encuentran en alquiler y los disponibles, entre otros."
"account_254","Monumentos y Obras de Arte","254","asset_fixed","False","Codigo oficial: 254. Se registra en esta cuenta el valor de los monumentos, obras de arte que son activos fijos de la entidad. Se registran por su valor de adquisición y los gastos de transportación y montaje, o se valoran de acuerdo con las disposiciones vigentes. Se debitan por las altas de los Activos Fijos y se acreditan por las bajas o ventas de estos."
"account_255","Activos Fijos Intangibles","255","asset_fixed","False","Rango oficial: 255 a 263. Comprenden los bienes no materiales que se poseen por las entidades para llevar a cabo las actividades operativas. Su característica fundamental es que no adoptan forma corpórea y solo son visibles en el instrumento legal que justifica el derecho a su usufructo. Incluyen entre otros, patentes, marcas de fábricas, nombres comerciales, franquicias, propiedad intelectual, arrendamiento financiero con opción de compra, programas computacionales (solo para los productores de software), derechos intelectuales y de superficie (cuando no son pagados por rentas), mejoras en propiedades arrendadas, etc. Se debitan por los pagos efectuados por estos bienes, excepto en los arrendamientos con opción de compra en que se debitan por el importe de la deuda del principal o de este más los intereses y se acreditan por su valor inicial al darse de baja."
"account_264_0001","Activos Fijos Intangibles en Proceso - Saldo al Inicio del Año","264.0001","asset_fixed","False","Codigo oficial: 264. Comprenden los importes de los gastos en que se incurren en estas actividades, bien ejecutados con medios propios o contratados con terceros. Incluyen entre otros, patentes, marcas de fábricas, nombres comerciales, franquicias, propiedad intelectual, arrendamiento financiero con opción de compra, programas computacionales (solo para los productores de software), derechos intelectuales y de superficie (cuando no son pagados por rentas), mejoras en propiedades arrendadas, etc. Se debitan por el costo real mensual de estas inversiones ejecutadas con medios propios o por terceros y se acreditan al obtenerse la titularidad de los Activos Fijos Intangibles creados. Se analiza por subcuentas de uso obligatorio definidas en el nomenclador de cuentas."
"account_264_0010","Activos Fijos Intangibles en Proceso - Operaciones del Año","264.0010","asset_fixed","False","Codigo oficial: 264. Comprenden los importes de los gastos en que se incurren en estas actividades, bien ejecutados con medios propios o contratados con terceros. Incluyen entre otros, patentes, marcas de fábricas, nombres comerciales, franquicias, propiedad intelectual, arrendamiento financiero con opción de compra, programas computacionales (solo para los productores de software), derechos intelectuales y de superficie (cuando no son pagados por rentas), mejoras en propiedades arrendadas, etc. Se debitan por el costo real mensual de estas inversiones ejecutadas con medios propios o por terceros y se acreditan al obtenerse la titularidad de los Activos Fijos Intangibles creados. Se analiza por subcuentas de uso obligatorio definidas en el nomenclador de cuentas."
"account_264_0998","Activos Fijos Intangibles en Proceso - Traspaso a Gastos por Faltantes y Pérdidas Diferidos ` 0999 Traspaso a Activos Fijos Intangibles","264.0998","asset_fixed","False","Codigo oficial: 264. Comprenden los importes de los gastos en que se incurren en estas actividades, bien ejecutados con medios propios o contratados con terceros. Incluyen entre otros, patentes, marcas de fábricas, nombres comerciales, franquicias, propiedad intelectual, arrendamiento financiero con opción de compra, programas computacionales (solo para los productores de software), derechos intelectuales y de superficie (cuando no son pagados por rentas), mejoras en propiedades arrendadas, etc. Se debitan por el costo real mensual de estas inversiones ejecutadas con medios propios o por terceros y se acreditan al obtenerse la titularidad de los Activos Fijos Intangibles creados. Se analiza por subcuentas de uso obligatorio definidas en el nomenclador de cuentas."
"account_265_0001","Inversiones en Proceso - Saldo al Inicio del Año","265.0001","asset_fixed","False","Rango oficial: 265 a 278. Comprenden los importes de los gastos en que se incurren en estas actividades, bien ejecutados con medios propios o contratados con terceros. Incluyen los equipos que requieren trabajo de montaje y los materiales que se transfieren de las cuentas Equipos por Instalar y Materiales para el Proceso Inversionista. Se debitan por las Certificaciones de Avance de Obras, por el costo real mensual de las inversiones y reparaciones capitales ejecutadas con medios propios y por el valor de adquisición de los equipos instalados y de los materiales de construcción utilizados y al final del año, por la estimación de los gastos de los trabajos ejecutados y que aún no se han facturado y se acreditan al terminarse la inversión y trasladarse a Activos Fijos Tangibles. También se acreditan, al final del año, por la cancelación de los gastos acumulados por fomentos y desarrollos forestales. Se analiza por componentes de la inversión. En la apertura del nuevo ejercicio contable el saldo de la cuenta pasará a la subcuenta Saldo al inicio del año."
"account_265_0010","Inversiones en Proceso - Construcción y Montaje","265.0010","asset_fixed","False","Rango oficial: 265 a 278. Comprenden los importes de los gastos en que se incurren en estas actividades, bien ejecutados con medios propios o contratados con terceros. Incluyen los equipos que requieren trabajo de montaje y los materiales que se transfieren de las cuentas Equipos por Instalar y Materiales para el Proceso Inversionista. Se debitan por las Certificaciones de Avance de Obras, por el costo real mensual de las inversiones y reparaciones capitales ejecutadas con medios propios y por el valor de adquisición de los equipos instalados y de los materiales de construcción utilizados y al final del año, por la estimación de los gastos de los trabajos ejecutados y que aún no se han facturado y se acreditan al terminarse la inversión y trasladarse a Activos Fijos Tangibles. También se acreditan, al final del año, por la cancelación de los gastos acumulados por fomentos y desarrollos forestales. Se analiza por componentes de la inversión. En la apertura del nuevo ejercicio contable el saldo de la cuenta pasará a la subcuenta Saldo al inicio del año."
"account_265_0020","Inversiones en Proceso - Equipos","265.0020","asset_fixed","False","Rango oficial: 265 a 278. Comprenden los importes de los gastos en que se incurren en estas actividades, bien ejecutados con medios propios o contratados con terceros. Incluyen los equipos que requieren trabajo de montaje y los materiales que se transfieren de las cuentas Equipos por Instalar y Materiales para el Proceso Inversionista. Se debitan por las Certificaciones de Avance de Obras, por el costo real mensual de las inversiones y reparaciones capitales ejecutadas con medios propios y por el valor de adquisición de los equipos instalados y de los materiales de construcción utilizados y al final del año, por la estimación de los gastos de los trabajos ejecutados y que aún no se han facturado y se acreditan al terminarse la inversión y trasladarse a Activos Fijos Tangibles. También se acreditan, al final del año, por la cancelación de los gastos acumulados por fomentos y desarrollos forestales. Se analiza por componentes de la inversión. En la apertura del nuevo ejercicio contable el saldo de la cuenta pasará a la subcuenta Saldo al inicio del año."
"account_265_0030","Inversiones en Proceso - Otros Gastos","265.0030","asset_fixed","False","Rango oficial: 265 a 278. Comprenden los importes de los gastos en que se incurren en estas actividades, bien ejecutados con medios propios o contratados con terceros. Incluyen los equipos que requieren trabajo de montaje y los materiales que se transfieren de las cuentas Equipos por Instalar y Materiales para el Proceso Inversionista. Se debitan por las Certificaciones de Avance de Obras, por el costo real mensual de las inversiones y reparaciones capitales ejecutadas con medios propios y por el valor de adquisición de los equipos instalados y de los materiales de construcción utilizados y al final del año, por la estimación de los gastos de los trabajos ejecutados y que aún no se han facturado y se acreditan al terminarse la inversión y trasladarse a Activos Fijos Tangibles. También se acreditan, al final del año, por la cancelación de los gastos acumulados por fomentos y desarrollos forestales. Se analiza por componentes de la inversión. En la apertura del nuevo ejercicio contable el saldo de la cuenta pasará a la subcuenta Saldo al inicio del año."
"account_265_0050","Inversiones en Proceso - Fomentos Agrícolas","265.0050","asset_fixed","False","Rango oficial: 265 a 278. Comprenden los importes de los gastos en que se incurren en estas actividades, bien ejecutados con medios propios o contratados con terceros. Incluyen los equipos que requieren trabajo de montaje y los materiales que se transfieren de las cuentas Equipos por Instalar y Materiales para el Proceso Inversionista. Se debitan por las Certificaciones de Avance de Obras, por el costo real mensual de las inversiones y reparaciones capitales ejecutadas con medios propios y por el valor de adquisición de los equipos instalados y de los materiales de construcción utilizados y al final del año, por la estimación de los gastos de los trabajos ejecutados y que aún no se han facturado y se acreditan al terminarse la inversión y trasladarse a Activos Fijos Tangibles. También se acreditan, al final del año, por la cancelación de los gastos acumulados por fomentos y desarrollos forestales. Se analiza por componentes de la inversión. En la apertura del nuevo ejercicio contable el saldo de la cuenta pasará a la subcuenta Saldo al inicio del año."
"account_265_0060","Inversiones en Proceso - Fomentos y Desarrollo Mineros","265.0060","asset_fixed","False","Rango oficial: 265 a 278. Comprenden los importes de los gastos en que se incurren en estas actividades, bien ejecutados con medios propios o contratados con terceros. Incluyen los equipos que requieren trabajo de montaje y los materiales que se transfieren de las cuentas Equipos por Instalar y Materiales para el Proceso Inversionista. Se debitan por las Certificaciones de Avance de Obras, por el costo real mensual de las inversiones y reparaciones capitales ejecutadas con medios propios y por el valor de adquisición de los equipos instalados y de los materiales de construcción utilizados y al final del año, por la estimación de los gastos de los trabajos ejecutados y que aún no se han facturado y se acreditan al terminarse la inversión y trasladarse a Activos Fijos Tangibles. También se acreditan, al final del año, por la cancelación de los gastos acumulados por fomentos y desarrollos forestales. Se analiza por componentes de la inversión. En la apertura del nuevo ejercicio contable el saldo de la cuenta pasará a la subcuenta Saldo al inicio del año."
"account_265_0070","Inversiones en Proceso - Fomentos y Desarrollo Forestales","265.0070","asset_fixed","False","Rango oficial: 265 a 278. Comprenden los importes de los gastos en que se incurren en estas actividades, bien ejecutados con medios propios o contratados con terceros. Incluyen los equipos que requieren trabajo de montaje y los materiales que se transfieren de las cuentas Equipos por Instalar y Materiales para el Proceso Inversionista. Se debitan por las Certificaciones de Avance de Obras, por el costo real mensual de las inversiones y reparaciones capitales ejecutadas con medios propios y por el valor de adquisición de los equipos instalados y de los materiales de construcción utilizados y al final del año, por la estimación de los gastos de los trabajos ejecutados y que aún no se han facturado y se acreditan al terminarse la inversión y trasladarse a Activos Fijos Tangibles. También se acreditan, al final del año, por la cancelación de los gastos acumulados por fomentos y desarrollos forestales. Se analiza por componentes de la inversión. En la apertura del nuevo ejercicio contable el saldo de la cuenta pasará a la subcuenta Saldo al inicio del año."
"account_265_0100","Inversiones en Proceso - Otros no Especificados","265.0100","asset_fixed","False","Rango oficial: 265 a 278. Comprenden los importes de los gastos en que se incurren en estas actividades, bien ejecutados con medios propios o contratados con terceros. Incluyen los equipos que requieren trabajo de montaje y los materiales que se transfieren de las cuentas Equipos por Instalar y Materiales para el Proceso Inversionista. Se debitan por las Certificaciones de Avance de Obras, por el costo real mensual de las inversiones y reparaciones capitales ejecutadas con medios propios y por el valor de adquisición de los equipos instalados y de los materiales de construcción utilizados y al final del año, por la estimación de los gastos de los trabajos ejecutados y que aún no se han facturado y se acreditan al terminarse la inversión y trasladarse a Activos Fijos Tangibles. También se acreditan, al final del año, por la cancelación de los gastos acumulados por fomentos y desarrollos forestales. Se analiza por componentes de la inversión. En la apertura del nuevo ejercicio contable el saldo de la cuenta pasará a la subcuenta Saldo al inicio del año."
"account_265_0200","Inversiones en Proceso - Fondo de Fomento Desarrollo Ganadero","265.0200","asset_fixed","False","Rango oficial: 265 a 278. Comprenden los importes de los gastos en que se incurren en estas actividades, bien ejecutados con medios propios o contratados con terceros. Incluyen los equipos que requieren trabajo de montaje y los materiales que se transfieren de las cuentas Equipos por Instalar y Materiales para el Proceso Inversionista. Se debitan por las Certificaciones de Avance de Obras, por el costo real mensual de las inversiones y reparaciones capitales ejecutadas con medios propios y por el valor de adquisición de los equipos instalados y de los materiales de construcción utilizados y al final del año, por la estimación de los gastos de los trabajos ejecutados y que aún no se han facturado y se acreditan al terminarse la inversión y trasladarse a Activos Fijos Tangibles. También se acreditan, al final del año, por la cancelación de los gastos acumulados por fomentos y desarrollos forestales. Se analiza por componentes de la inversión. En la apertura del nuevo ejercicio contable el saldo de la cuenta pasará a la subcuenta Saldo al inicio del año."
"account_265_0999","Inversiones en Proceso - Traspaso a Activos Fijos Tangibles","265.0999","asset_fixed","False","Rango oficial: 265 a 278. Comprenden los importes de los gastos en que se incurren en estas actividades, bien ejecutados con medios propios o contratados con terceros. Incluyen los equipos que requieren trabajo de montaje y los materiales que se transfieren de las cuentas Equipos por Instalar y Materiales para el Proceso Inversionista. Se debitan por las Certificaciones de Avance de Obras, por el costo real mensual de las inversiones y reparaciones capitales ejecutadas con medios propios y por el valor de adquisición de los equipos instalados y de los materiales de construcción utilizados y al final del año, por la estimación de los gastos de los trabajos ejecutados y que aún no se han facturado y se acreditan al terminarse la inversión y trasladarse a Activos Fijos Tangibles. También se acreditan, al final del año, por la cancelación de los gastos acumulados por fomentos y desarrollos forestales. Se analiza por componentes de la inversión. En la apertura del nuevo ejercicio contable el saldo de la cuenta pasará a la subcuenta Saldo al inicio del año."
"account_279_0001","Plan de Preparación de Inversiones - Saldo al Inicio del Año","279.0001","asset_fixed","False","Codigo oficial: 279. Constituye el conjunto de investigaciones, proyectos y estudios técnicos – económicos y ambientales, encaminados a fundamentar la necesidad y conveniencia de su ejecución con un alto grado de certeza respecto a su viabilidad y eficacia, en las subsiguientes etapas de su desarrollo. Se dividen en estudios y valoración previas al estudio de factibilidad y al estudio de factibilidad técnico – económica. Estos estudios se realizan en dependencia de las características y complejidad de la inversión. En el caso de que el plan de preparación incluya acciones de construcción y montaje la adquisición de equipos, al pasar a la fase de ejecución se incorpora cada gasto a su componente correspondiente. Se debitan por los gastos que se incurren al presentar la factura y se acredita una vez que se aprueba en el plan de ejecución, trasladando su saldo a la cuenta Inversiones en Proceso, subcuenta correspondiente. Se analiza por subcuentas de uso obligatorio definidas en el nomenclador de cuentas."
"account_279_0010","Plan de Preparación de Inversiones - Construcción y Montaje","279.0010","asset_fixed","False","Codigo oficial: 279. Constituye el conjunto de investigaciones, proyectos y estudios técnicos – económicos y ambientales, encaminados a fundamentar la necesidad y conveniencia de su ejecución con un alto grado de certeza respecto a su viabilidad y eficacia, en las subsiguientes etapas de su desarrollo. Se dividen en estudios y valoración previas al estudio de factibilidad y al estudio de factibilidad técnico – económica. Estos estudios se realizan en dependencia de las características y complejidad de la inversión. En el caso de que el plan de preparación incluya acciones de construcción y montaje la adquisición de equipos, al pasar a la fase de ejecución se incorpora cada gasto a su componente correspondiente. Se debitan por los gastos que se incurren al presentar la factura y se acredita una vez que se aprueba en el plan de ejecución, trasladando su saldo a la cuenta Inversiones en Proceso, subcuenta correspondiente. Se analiza por subcuentas de uso obligatorio definidas en el nomenclador de cuentas."
"account_279_0020","Plan de Preparación de Inversiones - Equipos","279.0020","asset_fixed","False","Codigo oficial: 279. Constituye el conjunto de investigaciones, proyectos y estudios técnicos – económicos y ambientales, encaminados a fundamentar la necesidad y conveniencia de su ejecución con un alto grado de certeza respecto a su viabilidad y eficacia, en las subsiguientes etapas de su desarrollo. Se dividen en estudios y valoración previas al estudio de factibilidad y al estudio de factibilidad técnico – económica. Estos estudios se realizan en dependencia de las características y complejidad de la inversión. En el caso de que el plan de preparación incluya acciones de construcción y montaje la adquisición de equipos, al pasar a la fase de ejecución se incorpora cada gasto a su componente correspondiente. Se debitan por los gastos que se incurren al presentar la factura y se acredita una vez que se aprueba en el plan de ejecución, trasladando su saldo a la cuenta Inversiones en Proceso, subcuenta correspondiente. Se analiza por subcuentas de uso obligatorio definidas en el nomenclador de cuentas."
"account_279_0030","Plan de Preparación de Inversiones - Otros","279.0030","asset_fixed","False","Codigo oficial: 279. Constituye el conjunto de investigaciones, proyectos y estudios técnicos – económicos y ambientales, encaminados a fundamentar la necesidad y conveniencia de su ejecución con un alto grado de certeza respecto a su viabilidad y eficacia, en las subsiguientes etapas de su desarrollo. Se dividen en estudios y valoración previas al estudio de factibilidad y al estudio de factibilidad técnico – económica. Estos estudios se realizan en dependencia de las características y complejidad de la inversión. En el caso de que el plan de preparación incluya acciones de construcción y montaje la adquisición de equipos, al pasar a la fase de ejecución se incorpora cada gasto a su componente correspondiente. Se debitan por los gastos que se incurren al presentar la factura y se acredita una vez que se aprueba en el plan de ejecución, trasladando su saldo a la cuenta Inversiones en Proceso, subcuenta correspondiente. Se analiza por subcuentas de uso obligatorio definidas en el nomenclador de cuentas."
"account_279_0998","Plan de Preparación de Inversiones - Traspaso a Gastos del Proceso Inversionista","279.0998","asset_fixed","False","Codigo oficial: 279. Constituye el conjunto de investigaciones, proyectos y estudios técnicos – económicos y ambientales, encaminados a fundamentar la necesidad y conveniencia de su ejecución con un alto grado de certeza respecto a su viabilidad y eficacia, en las subsiguientes etapas de su desarrollo. Se dividen en estudios y valoración previas al estudio de factibilidad y al estudio de factibilidad técnico – económica. Estos estudios se realizan en dependencia de las características y complejidad de la inversión. En el caso de que el plan de preparación incluya acciones de construcción y montaje la adquisición de equipos, al pasar a la fase de ejecución se incorpora cada gasto a su componente correspondiente. Se debitan por los gastos que se incurren al presentar la factura y se acredita una vez que se aprueba en el plan de ejecución, trasladando su saldo a la cuenta Inversiones en Proceso, subcuenta correspondiente. Se analiza por subcuentas de uso obligatorio definidas en el nomenclador de cuentas."
"account_280","Equipos por Instalar y Materiales para el Proceso Inversionista","280","asset_fixed","False","Rango oficial: 280 a 289. Comprenden los importes de los equipos tecnológicos, energéticos y productivos que requieren montaje e instalación, así como los materiales de construcción y de montaje (incluyendo estructuras), que son destinados a incluirse en las Inversiones Materiales. Incluye también los equipos que no necesitan instalación y que forman parte inicial de un proceso inversionista. Se debitan por su valor al ser adquiridos y se acreditan por la entrega de los equipos para ser instalados o de los materiales utilizados o entregados al contratista, cuando son incluidos en el precio de la obra."
"account_290_0100","Adquisición de Activos Fijos Tangibles Nuevos - Compras del Período","290.0100","asset_fixed","False","Codigo oficial: 290. Comprende los importes de las compras de los activos que no forman parte de un proceso inversionista integral y no necesitan instalación, así como la compra o adquisición de activos por donaciones. Se debitan por la compra de activos fijos tangibles y se acreditan por el traslado a la cuenta de Activos Fijos Tangibles de manera inmediata. En el período intermedio muestra el saldo de las operaciones realizadas en las subcuentas. Esta cuenta no mostrará saldo al final del período intermedio, ni al final del ejercicio contable. Esta cuenta se analiza por las subcuentas de uso obligatorio definidas en el nomenclador de cuentas. Al final del ejercicio contable se harán ajustes entre las subcuentas."
"account_290_0300","Adquisición de Activos Fijos Tangibles Nuevos - Adquisición del Período por Donaciones","290.0300","asset_fixed","False","Codigo oficial: 290. Comprende los importes de las compras de los activos que no forman parte de un proceso inversionista integral y no necesitan instalación, así como la compra o adquisición de activos por donaciones. Se debitan por la compra de activos fijos tangibles y se acreditan por el traslado a la cuenta de Activos Fijos Tangibles de manera inmediata. En el período intermedio muestra el saldo de las operaciones realizadas en las subcuentas. Esta cuenta no mostrará saldo al final del período intermedio, ni al final del ejercicio contable. Esta cuenta se analiza por las subcuentas de uso obligatorio definidas en el nomenclador de cuentas. Al final del ejercicio contable se harán ajustes entre las subcuentas."
"account_290_0999","Adquisición de Activos Fijos Tangibles Nuevos - Traspaso a Activos Fijos Tangibles","290.0999","asset_fixed","False","Codigo oficial: 290. Comprende los importes de las compras de los activos que no forman parte de un proceso inversionista integral y no necesitan instalación, así como la compra o adquisición de activos por donaciones. Se debitan por la compra de activos fijos tangibles y se acreditan por el traslado a la cuenta de Activos Fijos Tangibles de manera inmediata. En el período intermedio muestra el saldo de las operaciones realizadas en las subcuentas. Esta cuenta no mostrará saldo al final del período intermedio, ni al final del ejercicio contable. Esta cuenta se analiza por las subcuentas de uso obligatorio definidas en el nomenclador de cuentas. Al final del ejercicio contable se harán ajustes entre las subcuentas."
"account_291_0100","Compra de Activos Fijos Tangibles de Uso - Compras del Período","291.0100","asset_fixed","False","Codigo oficial: 291. Comprende los importes de las compras de los activos de uso que no necesitan instalación, así como la compra o adquisición de activos de uso por donaciones. Se debitan por la compra de activos fijos tangibles de uso y se acreditan por el traslado a la cuenta de Activos Fijos Tangibles de manera inmediata. En el período intermedio muestra el saldo de las operaciones realizadas en las subcuentas. Esta cuenta no mostrará saldo al final del período intermedio, ni al final del ejercicio contable. Esta cuenta se analiza por las subcuentas de uso obligatorio definidas en el nomenclador de cuentas. Al final del ejercicio contable se harán ajustes entre las subcuentas."
"account_291_0300","Compra de Activos Fijos Tangibles de Uso - Adquisición del Período por Donaciones","291.0300","asset_fixed","False","Codigo oficial: 291. Comprende los importes de las compras de los activos de uso que no necesitan instalación, así como la compra o adquisición de activos de uso por donaciones. Se debitan por la compra de activos fijos tangibles de uso y se acreditan por el traslado a la cuenta de Activos Fijos Tangibles de manera inmediata. En el período intermedio muestra el saldo de las operaciones realizadas en las subcuentas. Esta cuenta no mostrará saldo al final del período intermedio, ni al final del ejercicio contable. Esta cuenta se analiza por las subcuentas de uso obligatorio definidas en el nomenclador de cuentas. Al final del ejercicio contable se harán ajustes entre las subcuentas."
"account_291_0999","Compra de Activos Fijos Tangibles de Uso - Traspaso a Activos Fijos Tangibles","291.0999","asset_fixed","False","Codigo oficial: 291. Comprende los importes de las compras de los activos de uso que no necesitan instalación, así como la compra o adquisición de activos de uso por donaciones. Se debitan por la compra de activos fijos tangibles de uso y se acreditan por el traslado a la cuenta de Activos Fijos Tangibles de manera inmediata. En el período intermedio muestra el saldo de las operaciones realizadas en las subcuentas. Esta cuenta no mostrará saldo al final del período intermedio, ni al final del ejercicio contable. Esta cuenta se analiza por las subcuentas de uso obligatorio definidas en el nomenclador de cuentas. Al final del ejercicio contable se harán ajustes entre las subcuentas."
"account_292_0100","Compra de Activos Fijos Intangibles - Compras del Período","292.0100","asset_fixed","False","Codigo oficial: 292. Comprende los importes de las compras de los Activos Fijos Intangibles. Se debitan por la compra de activos fijos intangibles y se acreditan por el traslado a la cuenta de Activos Fijos Intangibles de forma inmediata. En el período intermedio muestra el saldo de las operaciones realizadas en las subcuentas. Esta cuenta no mostrará saldo al final del período intermedio, ni al final del ejercicio contable. Esta cuenta se analiza por las subcuentas de uso obligatorio definidas en el nomenclador de cuentas. Al final del ejercicio contable se harán ajustes entre las subcuentas."
"account_292_0300","Compra de Activos Fijos Intangibles - Adquisición del Período por Donaciones","292.0300","asset_fixed","False","Codigo oficial: 292. Comprende los importes de las compras de los Activos Fijos Intangibles. Se debitan por la compra de activos fijos intangibles y se acreditan por el traslado a la cuenta de Activos Fijos Intangibles de forma inmediata. En el período intermedio muestra el saldo de las operaciones realizadas en las subcuentas. Esta cuenta no mostrará saldo al final del período intermedio, ni al final del ejercicio contable. Esta cuenta se analiza por las subcuentas de uso obligatorio definidas en el nomenclador de cuentas. Al final del ejercicio contable se harán ajustes entre las subcuentas."
"account_292_0999","Compra de Activos Fijos Intangibles - Traspaso a Activos Fijos Intangibles","292.0999","asset_fixed","False","Codigo oficial: 292. Comprende los importes de las compras de los Activos Fijos Intangibles. Se debitan por la compra de activos fijos intangibles y se acreditan por el traslado a la cuenta de Activos Fijos Intangibles de forma inmediata. En el período intermedio muestra el saldo de las operaciones realizadas en las subcuentas. Esta cuenta no mostrará saldo al final del período intermedio, ni al final del ejercicio contable. Esta cuenta se analiza por las subcuentas de uso obligatorio definidas en el nomenclador de cuentas. Al final del ejercicio contable se harán ajustes entre las subcuentas."
"account_300_0010","Gastos de Producción y Servicios Diferidos - Saldo al Inicio del Año","300.0010","asset_current","False","Rango oficial: 300 a 305. Representan gastos devengados, desembolsos y gastos pagados por adelantado, que deben ser absorbidos en partes alícuotas por los costos o gastos de períodos posteriores. Incluyen entre otros: Seguros, alquileres, licencias de uso de aplicaciones informáticas, suscripciones de periódicos y revistas, trabajos preparatorios para la producción masiva o en serie de nuevos tipos de productos y reparaciones corrientes de las plantas y equipos en períodos no uniformes. El importe de los gastos que se cargan en estas cuentas debe analizarse por los elementos establecidos en los Sistemas de Costo. Se debitan por los gastos en que se incurren y se acreditan por la proporción que se incluye en los gastos o costos de períodos posteriores. Esta cuenta se analiza por las subcuentas de uso obligatorio definidas en el nomenclador de cuentas."
"account_300_0020","Gastos de Producción y Servicios Diferidos - Gastos por Elementos del Período","300.0020","asset_current","False","Rango oficial: 300 a 305. Representan gastos devengados, desembolsos y gastos pagados por adelantado, que deben ser absorbidos en partes alícuotas por los costos o gastos de períodos posteriores. Incluyen entre otros: Seguros, alquileres, licencias de uso de aplicaciones informáticas, suscripciones de periódicos y revistas, trabajos preparatorios para la producción masiva o en serie de nuevos tipos de productos y reparaciones corrientes de las plantas y equipos en períodos no uniformes. El importe de los gastos que se cargan en estas cuentas debe analizarse por los elementos establecidos en los Sistemas de Costo. Se debitan por los gastos en que se incurren y se acreditan por la proporción que se incluye en los gastos o costos de períodos posteriores. Esta cuenta se analiza por las subcuentas de uso obligatorio definidas en el nomenclador de cuentas."
"account_300_0030","Gastos de Producción y Servicios Diferidos - Amortización de Gastos","300.0030","asset_current","False","Rango oficial: 300 a 305. Representan gastos devengados, desembolsos y gastos pagados por adelantado, que deben ser absorbidos en partes alícuotas por los costos o gastos de períodos posteriores. Incluyen entre otros: Seguros, alquileres, licencias de uso de aplicaciones informáticas, suscripciones de periódicos y revistas, trabajos preparatorios para la producción masiva o en serie de nuevos tipos de productos y reparaciones corrientes de las plantas y equipos en períodos no uniformes. El importe de los gastos que se cargan en estas cuentas debe analizarse por los elementos establecidos en los Sistemas de Costo. Se debitan por los gastos en que se incurren y se acreditan por la proporción que se incluye en los gastos o costos de períodos posteriores. Esta cuenta se analiza por las subcuentas de uso obligatorio definidas en el nomenclador de cuentas."
"account_306_0010","Gastos Financieros Diferidos - Saldo al Inicio del Año","306.0010","asset_current","False","Rango oficial: 306 a 307. Representan gastos financieros devengados, desembolsos y gastos pagados por adelantado, que deben ser absorbidos en partes alícuotas en los gastos de períodos posteriores. Incluyen entre otros: Intereses Bancarios, otros gastos que no forman parte del costo de producción, costos de proyectos experimentales no terminados y descontinuados, gastos de organización, descuentos en bonos y gastos de emisión de estos, comisiones y gastos por ventas de acciones de capital, etc. El importe de los gastos que se cargan en esta cuenta debe analizarse por los conceptos que se difieren. Se debitan por los gastos en que se incurren y se acreditan por la proporción que se incluye en los gastos de períodos posteriores. Esta cuenta se analiza por las subcuentas de uso obligatorio definidas en el nomenclador de cuentas."
"account_306_0020","Gastos Financieros Diferidos - Gastos del Período","306.0020","asset_current","False","Rango oficial: 306 a 307. Representan gastos financieros devengados, desembolsos y gastos pagados por adelantado, que deben ser absorbidos en partes alícuotas en los gastos de períodos posteriores. Incluyen entre otros: Intereses Bancarios, otros gastos que no forman parte del costo de producción, costos de proyectos experimentales no terminados y descontinuados, gastos de organización, descuentos en bonos y gastos de emisión de estos, comisiones y gastos por ventas de acciones de capital, etc. El importe de los gastos que se cargan en esta cuenta debe analizarse por los conceptos que se difieren. Se debitan por los gastos en que se incurren y se acreditan por la proporción que se incluye en los gastos de períodos posteriores. Esta cuenta se analiza por las subcuentas de uso obligatorio definidas en el nomenclador de cuentas."
"account_306_0030","Gastos Financieros Diferidos - Amortización de Gastos","306.0030","asset_current","False","Rango oficial: 306 a 307. Representan gastos financieros devengados, desembolsos y gastos pagados por adelantado, que deben ser absorbidos en partes alícuotas en los gastos de períodos posteriores. Incluyen entre otros: Intereses Bancarios, otros gastos que no forman parte del costo de producción, costos de proyectos experimentales no terminados y descontinuados, gastos de organización, descuentos en bonos y gastos de emisión de estos, comisiones y gastos por ventas de acciones de capital, etc. El importe de los gastos que se cargan en esta cuenta debe analizarse por los conceptos que se difieren. Se debitan por los gastos en que se incurren y se acreditan por la proporción que se incluye en los gastos de períodos posteriores. Esta cuenta se analiza por las subcuentas de uso obligatorio definidas en el nomenclador de cuentas."
"account_310_0010","Gastos del Proceso Inversionista Diferidos - Saldo al Inicio del Año","310.0010","asset_current","False","Rango oficial: 310 a 311. Representan desembolsos y gastos pagados por adelantado, que deben ser absorbidos en partes alícuotas por los costos o gastos de períodos posteriores. Incluyen entre otros: El importe del componente Otros de las inversiones que no se transfiere al valor del Activo Fijo Tangible según legislación financiera vigente. El importe de los gastos que se cargan en estas cuentas no se analiza por los elementos de Costo. Se debitan por los gastos en que se incurren y se acreditan por la proporción que se incluye en los gastos financieros de períodos posteriores. Esta cuenta se analiza por las subcuentas de uso obligatorio definidas en el nomenclador de cuentas."
"account_310_0020","Gastos del Proceso Inversionista Diferidos - Gastos del Período","310.0020","asset_current","False","Rango oficial: 310 a 311. Representan desembolsos y gastos pagados por adelantado, que deben ser absorbidos en partes alícuotas por los costos o gastos de períodos posteriores. Incluyen entre otros: El importe del componente Otros de las inversiones que no se transfiere al valor del Activo Fijo Tangible según legislación financiera vigente. El importe de los gastos que se cargan en estas cuentas no se analiza por los elementos de Costo. Se debitan por los gastos en que se incurren y se acreditan por la proporción que se incluye en los gastos financieros de períodos posteriores. Esta cuenta se analiza por las subcuentas de uso obligatorio definidas en el nomenclador de cuentas."
"account_310_0030","Gastos del Proceso Inversionista Diferidos - Amortización de Gastos","310.0030","asset_current","False","Rango oficial: 310 a 311. Representan desembolsos y gastos pagados por adelantado, que deben ser absorbidos en partes alícuotas por los costos o gastos de períodos posteriores. Incluyen entre otros: El importe del componente Otros de las inversiones que no se transfiere al valor del Activo Fijo Tangible según legislación financiera vigente. El importe de los gastos que se cargan en estas cuentas no se analiza por los elementos de Costo. Se debitan por los gastos en que se incurren y se acreditan por la proporción que se incluye en los gastos financieros de períodos posteriores. Esta cuenta se analiza por las subcuentas de uso obligatorio definidas en el nomenclador de cuentas."
"account_312_0010","Gastos por Faltantes y Pérdidas Diferidos - Saldo al Inicio del Año","312.0010","asset_current","False","Codigo oficial: 312. Representan gastos financieros devengados, desembolsos y gastos pagados por adelantado, que deben ser absorbidos en partes alícuotas en los gastos de períodos posteriores. Incluyen entre otros: Los gastos diferidos por conceptos de Pérdidas y Faltantes. El traspaso de gastos diferidos es a la cuenta de Gastos por Pérdidas y Faltantes. Se debitan por los gastos en que se incurren y se acreditan por la proporción que se incluye en los gastos de períodos posteriores. Esta cuenta se analiza por las subcuentas de uso obligatorio definidas en el nomenclador de cuentas."
"account_312_0020","Gastos por Faltantes y Pérdidas Diferidos - Gastos del Período","312.0020","asset_current","False","Codigo oficial: 312. Representan gastos financieros devengados, desembolsos y gastos pagados por adelantado, que deben ser absorbidos en partes alícuotas en los gastos de períodos posteriores. Incluyen entre otros: Los gastos diferidos por conceptos de Pérdidas y Faltantes. El traspaso de gastos diferidos es a la cuenta de Gastos por Pérdidas y Faltantes. Se debitan por los gastos en que se incurren y se acreditan por la proporción que se incluye en los gastos de períodos posteriores. Esta cuenta se analiza por las subcuentas de uso obligatorio definidas en el nomenclador de cuentas."
"account_312_0030","Gastos por Faltantes y Pérdidas Diferidos - Amortización de Gastos a las Cuentas de Gastos por Faltantes y Pérdidas","312.0030","asset_current","False","Codigo oficial: 312. Representan gastos financieros devengados, desembolsos y gastos pagados por adelantado, que deben ser absorbidos en partes alícuotas en los gastos de períodos posteriores. Incluyen entre otros: Los gastos diferidos por conceptos de Pérdidas y Faltantes. El traspaso de gastos diferidos es a la cuenta de Gastos por Pérdidas y Faltantes. Se debitan por los gastos en que se incurren y se acreditan por la proporción que se incluye en los gastos de períodos posteriores. Esta cuenta se analiza por las subcuentas de uso obligatorio definidas en el nomenclador de cuentas."
"account_330_0010","Pérdidas en Investigación - Pérdidas por Deterioro","330.0010","asset_current","False","Rango oficial: 330 a 331. Representan, de forma transitoria, el importe de las pérdidas por deterioro de los recursos o situaciones excepcionales que se originan o los que se detectan al efectuarse inventarios o durante cualquier otra comprobación. Incluye: Pérdidas en cosechas, por deterioros, por rebajas de precios minoristas, Cuentas por Cobrar, Pérdidas por Desastres, etc. Se debitan por las pérdidas en el momento de tenerse conocimiento de los mismos y se acreditan después de efectuar las investigaciones y recibirse las aprobaciones que correspondan. Esta cuenta se analiza por las subcuentas de uso obligatorio definidas en el nomenclador de cuentas."
"account_330_0020","Pérdidas en Investigación - Pérdidas Cosecha","330.0020","asset_current","False","Rango oficial: 330 a 331. Representan, de forma transitoria, el importe de las pérdidas por deterioro de los recursos o situaciones excepcionales que se originan o los que se detectan al efectuarse inventarios o durante cualquier otra comprobación. Incluye: Pérdidas en cosechas, por deterioros, por rebajas de precios minoristas, Cuentas por Cobrar, Pérdidas por Desastres, etc. Se debitan por las pérdidas en el momento de tenerse conocimiento de los mismos y se acreditan después de efectuar las investigaciones y recibirse las aprobaciones que correspondan. Esta cuenta se analiza por las subcuentas de uso obligatorio definidas en el nomenclador de cuentas."
"account_330_0030","Pérdidas en Investigación - Pérdidas Cuentas por Cobrar","330.0030","asset_current","False","Rango oficial: 330 a 331. Representan, de forma transitoria, el importe de las pérdidas por deterioro de los recursos o situaciones excepcionales que se originan o los que se detectan al efectuarse inventarios o durante cualquier otra comprobación. Incluye: Pérdidas en cosechas, por deterioros, por rebajas de precios minoristas, Cuentas por Cobrar, Pérdidas por Desastres, etc. Se debitan por las pérdidas en el momento de tenerse conocimiento de los mismos y se acreditan después de efectuar las investigaciones y recibirse las aprobaciones que correspondan. Esta cuenta se analiza por las subcuentas de uso obligatorio definidas en el nomenclador de cuentas."
"account_330_0040","Pérdidas en Investigación - Pérdidas por Siniestros","330.0040","asset_current","False","Rango oficial: 330 a 331. Representan, de forma transitoria, el importe de las pérdidas por deterioro de los recursos o situaciones excepcionales que se originan o los que se detectan al efectuarse inventarios o durante cualquier otra comprobación. Incluye: Pérdidas en cosechas, por deterioros, por rebajas de precios minoristas, Cuentas por Cobrar, Pérdidas por Desastres, etc. Se debitan por las pérdidas en el momento de tenerse conocimiento de los mismos y se acreditan después de efectuar las investigaciones y recibirse las aprobaciones que correspondan. Esta cuenta se analiza por las subcuentas de uso obligatorio definidas en el nomenclador de cuentas."
"account_330_0050","Pérdidas en Investigación - Otros","330.0050","asset_current","False","Rango oficial: 330 a 331. Representan, de forma transitoria, el importe de las pérdidas por deterioro de los recursos o situaciones excepcionales que se originan o los que se detectan al efectuarse inventarios o durante cualquier otra comprobación. Incluye: Pérdidas en cosechas, por deterioros, por rebajas de precios minoristas, Cuentas por Cobrar, Pérdidas por Desastres, etc. Se debitan por las pérdidas en el momento de tenerse conocimiento de los mismos y se acreditan después de efectuar las investigaciones y recibirse las aprobaciones que correspondan. Esta cuenta se analiza por las subcuentas de uso obligatorio definidas en el nomenclador de cuentas."
"account_332_0010","Faltantes de Bienes en Investigación - Medios Monetarios","332.0010","asset_current","False","Rango oficial: 332 a 333. Representan, de forma transitoria, el importe de los faltantes, que se originan o los que se detectan al efectuarse inventarios o durante cualquier otra comprobación. Incluyen entre otros: Faltantes de Activos Fijos Tangibles por el importe de su valor no depreciado, Inventarios, Medios Monetarios y Activos Fijos en Ejecución, (Equipos por Instalar y Materiales para el Proceso Inversionista), entre otros. Se debitan por los faltantes en el momento de tenerse conocimiento de los mismos y se acreditan después de efectuar las investigaciones y recibirse las aprobaciones que correspondan. Esta cuenta se analiza por las subcuentas de uso obligatorio definidas en el nomenclador de cuentas."
"account_332_0020","Faltantes de Bienes en Investigación - Medios Materiales","332.0020","asset_current","False","Rango oficial: 332 a 333. Representan, de forma transitoria, el importe de los faltantes, que se originan o los que se detectan al efectuarse inventarios o durante cualquier otra comprobación. Incluyen entre otros: Faltantes de Activos Fijos Tangibles por el importe de su valor no depreciado, Inventarios, Medios Monetarios y Activos Fijos en Ejecución, (Equipos por Instalar y Materiales para el Proceso Inversionista), entre otros. Se debitan por los faltantes en el momento de tenerse conocimiento de los mismos y se acreditan después de efectuar las investigaciones y recibirse las aprobaciones que correspondan. Esta cuenta se analiza por las subcuentas de uso obligatorio definidas en el nomenclador de cuentas."
"account_332_0030","Faltantes de Bienes en Investigación - Activos Fijos","332.0030","asset_current","False","Rango oficial: 332 a 333. Representan, de forma transitoria, el importe de los faltantes, que se originan o los que se detectan al efectuarse inventarios o durante cualquier otra comprobación. Incluyen entre otros: Faltantes de Activos Fijos Tangibles por el importe de su valor no depreciado, Inventarios, Medios Monetarios y Activos Fijos en Ejecución, (Equipos por Instalar y Materiales para el Proceso Inversionista), entre otros. Se debitan por los faltantes en el momento de tenerse conocimiento de los mismos y se acreditan después de efectuar las investigaciones y recibirse las aprobaciones que correspondan. Esta cuenta se analiza por las subcuentas de uso obligatorio definidas en el nomenclador de cuentas."
"account_332_0040","Faltantes de Bienes en Investigación - Equipos por Instalar y Materiales de Construcción","332.0040","asset_current","False","Rango oficial: 332 a 333. Representan, de forma transitoria, el importe de los faltantes, que se originan o los que se detectan al efectuarse inventarios o durante cualquier otra comprobación. Incluyen entre otros: Faltantes de Activos Fijos Tangibles por el importe de su valor no depreciado, Inventarios, Medios Monetarios y Activos Fijos en Ejecución, (Equipos por Instalar y Materiales para el Proceso Inversionista), entre otros. Se debitan por los faltantes en el momento de tenerse conocimiento de los mismos y se acreditan después de efectuar las investigaciones y recibirse las aprobaciones que correspondan. Esta cuenta se analiza por las subcuentas de uso obligatorio definidas en el nomenclador de cuentas."
"account_332_0050","Faltantes de Bienes en Investigación - Otros","332.0050","asset_current","False","Rango oficial: 332 a 333. Representan, de forma transitoria, el importe de los faltantes, que se originan o los que se detectan al efectuarse inventarios o durante cualquier otra comprobación. Incluyen entre otros: Faltantes de Activos Fijos Tangibles por el importe de su valor no depreciado, Inventarios, Medios Monetarios y Activos Fijos en Ejecución, (Equipos por Instalar y Materiales para el Proceso Inversionista), entre otros. Se debitan por los faltantes en el momento de tenerse conocimiento de los mismos y se acreditan después de efectuar las investigaciones y recibirse las aprobaciones que correspondan. Esta cuenta se analiza por las subcuentas de uso obligatorio definidas en el nomenclador de cuentas."
"account_334_0010","Cuentas por Cobrar Diversas - Operaciones Corrientes - Ventas a Entidades","334.0010","asset_receivable","True","Rango oficial: 334 a 341. Representan los importes pendientes de cobro por conceptos no relacionados con las actividades fundamentales de operaciones corrientes de la entidad. Debe analizarse por deudores. Comprenden entre otros, ventas de Activos Fijos Tangibles y de Inventarios, indemnizaciones aceptadas por incumplimientos de contratos, sanciones a trabajadores, préstamos a estudiantes, adeudos de los trabajadores por distintos conceptos, reclamaciones a suministradores, operaciones de consignación de mercancías, etc. Se debitan por las ventas o adeudos y se acreditan por el importe de los cobros efectuados. Esta cuenta se analiza por las subcuentas de uso obligatorio definidas en el nomenclador de cuentas."
"account_334_0020","Cuentas por Cobrar Diversas - Operaciones Corrientes - Deudas a Trabajadores","334.0020","asset_receivable","True","Rango oficial: 334 a 341. Representan los importes pendientes de cobro por conceptos no relacionados con las actividades fundamentales de operaciones corrientes de la entidad. Debe analizarse por deudores. Comprenden entre otros, ventas de Activos Fijos Tangibles y de Inventarios, indemnizaciones aceptadas por incumplimientos de contratos, sanciones a trabajadores, préstamos a estudiantes, adeudos de los trabajadores por distintos conceptos, reclamaciones a suministradores, operaciones de consignación de mercancías, etc. Se debitan por las ventas o adeudos y se acreditan por el importe de los cobros efectuados. Esta cuenta se analiza por las subcuentas de uso obligatorio definidas en el nomenclador de cuentas."
"account_334_0030","Cuentas por Cobrar Diversas - Operaciones Corrientes - Reclamaciones","334.0030","asset_receivable","True","Rango oficial: 334 a 341. Representan los importes pendientes de cobro por conceptos no relacionados con las actividades fundamentales de operaciones corrientes de la entidad. Debe analizarse por deudores. Comprenden entre otros, ventas de Activos Fijos Tangibles y de Inventarios, indemnizaciones aceptadas por incumplimientos de contratos, sanciones a trabajadores, préstamos a estudiantes, adeudos de los trabajadores por distintos conceptos, reclamaciones a suministradores, operaciones de consignación de mercancías, etc. Se debitan por las ventas o adeudos y se acreditan por el importe de los cobros efectuados. Esta cuenta se analiza por las subcuentas de uso obligatorio definidas en el nomenclador de cuentas."
"account_334_0040","Cuentas por Cobrar Diversas - Operaciones Corrientes - Responsabilidad Material","334.0040","asset_receivable","True","Rango oficial: 334 a 341. Representan los importes pendientes de cobro por conceptos no relacionados con las actividades fundamentales de operaciones corrientes de la entidad. Debe analizarse por deudores. Comprenden entre otros, ventas de Activos Fijos Tangibles y de Inventarios, indemnizaciones aceptadas por incumplimientos de contratos, sanciones a trabajadores, préstamos a estudiantes, adeudos de los trabajadores por distintos conceptos, reclamaciones a suministradores, operaciones de consignación de mercancías, etc. Se debitan por las ventas o adeudos y se acreditan por el importe de los cobros efectuados. Esta cuenta se analiza por las subcuentas de uso obligatorio definidas en el nomenclador de cuentas."
"account_334_0050","Cuentas por Cobrar Diversas - Operaciones Corrientes - Sector Cooperativo","334.0050","asset_receivable","True","Rango oficial: 334 a 341. Representan los importes pendientes de cobro por conceptos no relacionados con las actividades fundamentales de operaciones corrientes de la entidad. Debe analizarse por deudores. Comprenden entre otros, ventas de Activos Fijos Tangibles y de Inventarios, indemnizaciones aceptadas por incumplimientos de contratos, sanciones a trabajadores, préstamos a estudiantes, adeudos de los trabajadores por distintos conceptos, reclamaciones a suministradores, operaciones de consignación de mercancías, etc. Se debitan por las ventas o adeudos y se acreditan por el importe de los cobros efectuados. Esta cuenta se analiza por las subcuentas de uso obligatorio definidas en el nomenclador de cuentas."
"account_334_0060","Cuentas por Cobrar Diversas - Operaciones Corrientes - Personas Naturales","334.0060","asset_receivable","True","Rango oficial: 334 a 341. Representan los importes pendientes de cobro por conceptos no relacionados con las actividades fundamentales de operaciones corrientes de la entidad. Debe analizarse por deudores. Comprenden entre otros, ventas de Activos Fijos Tangibles y de Inventarios, indemnizaciones aceptadas por incumplimientos de contratos, sanciones a trabajadores, préstamos a estudiantes, adeudos de los trabajadores por distintos conceptos, reclamaciones a suministradores, operaciones de consignación de mercancías, etc. Se debitan por las ventas o adeudos y se acreditan por el importe de los cobros efectuados. Esta cuenta se analiza por las subcuentas de uso obligatorio definidas en el nomenclador de cuentas."
"account_334_0099","Cuentas por Cobrar Diversas - Operaciones Corrientes - Otros","334.0099","asset_receivable","True","Rango oficial: 334 a 341. Representan los importes pendientes de cobro por conceptos no relacionados con las actividades fundamentales de operaciones corrientes de la entidad. Debe analizarse por deudores. Comprenden entre otros, ventas de Activos Fijos Tangibles y de Inventarios, indemnizaciones aceptadas por incumplimientos de contratos, sanciones a trabajadores, préstamos a estudiantes, adeudos de los trabajadores por distintos conceptos, reclamaciones a suministradores, operaciones de consignación de mercancías, etc. Se debitan por las ventas o adeudos y se acreditan por el importe de los cobros efectuados. Esta cuenta se analiza por las subcuentas de uso obligatorio definidas en el nomenclador de cuentas."
"account_342","Cuentas por Cobrar - Compra de Monedas","342","asset_receivable","True","Codigo oficial: 342. Se registra en esta cuenta el importe pendiente de cobro de las operaciones relacionadas con la compra-venta de monedas. Se debita por los importes pendientes de cobrar por concepto de contravalor y se acredita al recibir el recurso financiero que representan dichos importes."
"account_343_0010","Cuentas por Cobrar del Proceso Inversionista - Dentro del Órgano u Organismo","343.0010","asset_receivable","True","Rango oficial: 343 a 345. Se registran en estas cuentas los importes pendientes de cobro por operaciones asociadas al proceso inversionista. Debe analizarse por deudores. Comprenden entre otras, reclamaciones a contratistas y suministradores de equipos que requieren instalación y de materiales para inversiones, materiales adquiridos y equipos y materiales entregados a los contratistas para ser posteriormente deducidos del precio de las obras. Se debitan por las reclamaciones o entregas de equipos y materiales y se acreditan al deducirse estas del precio de las obras o al efectuarse el cobro de las primeras. Esta cuenta se analiza por las subcuentas de uso obligatorio definidas en el nomenclador de cuentas."
"account_343_0020","Cuentas por Cobrar del Proceso Inversionista - Fuera del Órgano u Organismo","343.0020","asset_receivable","True","Rango oficial: 343 a 345. Se registran en estas cuentas los importes pendientes de cobro por operaciones asociadas al proceso inversionista. Debe analizarse por deudores. Comprenden entre otras, reclamaciones a contratistas y suministradores de equipos que requieren instalación y de materiales para inversiones, materiales adquiridos y equipos y materiales entregados a los contratistas para ser posteriormente deducidos del precio de las obras. Se debitan por las reclamaciones o entregas de equipos y materiales y se acreditan al deducirse estas del precio de las obras o al efectuarse el cobro de las primeras. Esta cuenta se analiza por las subcuentas de uso obligatorio definidas en el nomenclador de cuentas."
"account_343_0030","Cuentas por Cobrar del Proceso Inversionista - En el Extranjero","343.0030","asset_receivable","True","Rango oficial: 343 a 345. Se registran en estas cuentas los importes pendientes de cobro por operaciones asociadas al proceso inversionista. Debe analizarse por deudores. Comprenden entre otras, reclamaciones a contratistas y suministradores de equipos que requieren instalación y de materiales para inversiones, materiales adquiridos y equipos y materiales entregados a los contratistas para ser posteriormente deducidos del precio de las obras. Se debitan por las reclamaciones o entregas de equipos y materiales y se acreditan al deducirse estas del precio de las obras o al efectuarse el cobro de las primeras. Esta cuenta se analiza por las subcuentas de uso obligatorio definidas en el nomenclador de cuentas."
"account_343_0040","Cuentas por Cobrar del Proceso Inversionista - Dentro del Grupo Empresarial","343.0040","asset_receivable","True","Rango oficial: 343 a 345. Se registran en estas cuentas los importes pendientes de cobro por operaciones asociadas al proceso inversionista. Debe analizarse por deudores. Comprenden entre otras, reclamaciones a contratistas y suministradores de equipos que requieren instalación y de materiales para inversiones, materiales adquiridos y equipos y materiales entregados a los contratistas para ser posteriormente deducidos del precio de las obras. Se debitan por las reclamaciones o entregas de equipos y materiales y se acreditan al deducirse estas del precio de las obras o al efectuarse el cobro de las primeras. Esta cuenta se analiza por las subcuentas de uso obligatorio definidas en el nomenclador de cuentas."
"account_343_0050","Cuentas por Cobrar del Proceso Inversionista - Sector Cooperativo","343.0050","asset_receivable","True","Rango oficial: 343 a 345. Se registran en estas cuentas los importes pendientes de cobro por operaciones asociadas al proceso inversionista. Debe analizarse por deudores. Comprenden entre otras, reclamaciones a contratistas y suministradores de equipos que requieren instalación y de materiales para inversiones, materiales adquiridos y equipos y materiales entregados a los contratistas para ser posteriormente deducidos del precio de las obras. Se debitan por las reclamaciones o entregas de equipos y materiales y se acreditan al deducirse estas del precio de las obras o al efectuarse el cobro de las primeras. Esta cuenta se analiza por las subcuentas de uso obligatorio definidas en el nomenclador de cuentas."
"account_343_0060","Cuentas por Cobrar del Proceso Inversionista - Personas Naturales","343.0060","asset_receivable","True","Rango oficial: 343 a 345. Se registran en estas cuentas los importes pendientes de cobro por operaciones asociadas al proceso inversionista. Debe analizarse por deudores. Comprenden entre otras, reclamaciones a contratistas y suministradores de equipos que requieren instalación y de materiales para inversiones, materiales adquiridos y equipos y materiales entregados a los contratistas para ser posteriormente deducidos del precio de las obras. Se debitan por las reclamaciones o entregas de equipos y materiales y se acreditan al deducirse estas del precio de las obras o al efectuarse el cobro de las primeras. Esta cuenta se analiza por las subcuentas de uso obligatorio definidas en el nomenclador de cuentas."
"account_346_0010","Efectos por Cobrar en Litigio - Dentro del Órgano u Organismo","346.0010","asset_current","True","Codigo oficial: 346. Representan los importes de los efectos por cobrar que se encuentran en fase de reclamación o litigio entre entidades sin que medie trámite ante tribunales judiciales. Debe analizarse por clientes. Se debitan por el inicio del proceso de reclamación del adeudo y se acredita por el importe de los cobros efectuados, su reclasificación o su cancelación. Esta cuenta se analiza por las subcuentas de uso obligatorio definidas en el nomenclador de cuentas."
"account_346_0020","Efectos por Cobrar en Litigio - Fuera del Órgano u Organismo","346.0020","asset_current","True","Codigo oficial: 346. Representan los importes de los efectos por cobrar que se encuentran en fase de reclamación o litigio entre entidades sin que medie trámite ante tribunales judiciales. Debe analizarse por clientes. Se debitan por el inicio del proceso de reclamación del adeudo y se acredita por el importe de los cobros efectuados, su reclasificación o su cancelación. Esta cuenta se analiza por las subcuentas de uso obligatorio definidas en el nomenclador de cuentas."
"account_346_0030","Efectos por Cobrar en Litigio - En el Extranjero","346.0030","asset_current","True","Codigo oficial: 346. Representan los importes de los efectos por cobrar que se encuentran en fase de reclamación o litigio entre entidades sin que medie trámite ante tribunales judiciales. Debe analizarse por clientes. Se debitan por el inicio del proceso de reclamación del adeudo y se acredita por el importe de los cobros efectuados, su reclasificación o su cancelación. Esta cuenta se analiza por las subcuentas de uso obligatorio definidas en el nomenclador de cuentas."
"account_346_0040","Efectos por Cobrar en Litigio - Dentro del Grupo Empresarial","346.0040","asset_current","True","Codigo oficial: 346. Representan los importes de los efectos por cobrar que se encuentran en fase de reclamación o litigio entre entidades sin que medie trámite ante tribunales judiciales. Debe analizarse por clientes. Se debitan por el inicio del proceso de reclamación del adeudo y se acredita por el importe de los cobros efectuados, su reclasificación o su cancelación. Esta cuenta se analiza por las subcuentas de uso obligatorio definidas en el nomenclador de cuentas."
"account_346_0050","Efectos por Cobrar en Litigio - Sector Cooperativo","346.0050","asset_current","True","Codigo oficial: 346. Representan los importes de los efectos por cobrar que se encuentran en fase de reclamación o litigio entre entidades sin que medie trámite ante tribunales judiciales. Debe analizarse por clientes. Se debitan por el inicio del proceso de reclamación del adeudo y se acredita por el importe de los cobros efectuados, su reclasificación o su cancelación. Esta cuenta se analiza por las subcuentas de uso obligatorio definidas en el nomenclador de cuentas."
"account_346_0060","Efectos por Cobrar en Litigio - Personas Naturales","346.0060","asset_current","True","Codigo oficial: 346. Representan los importes de los efectos por cobrar que se encuentran en fase de reclamación o litigio entre entidades sin que medie trámite ante tribunales judiciales. Debe analizarse por clientes. Se debitan por el inicio del proceso de reclamación del adeudo y se acredita por el importe de los cobros efectuados, su reclasificación o su cancelación. Esta cuenta se analiza por las subcuentas de uso obligatorio definidas en el nomenclador de cuentas."
"account_347_0010","Cuentas por Cobrar en Litigio - Dentro del Órgano u Organismo","347.0010","asset_receivable","True","Codigo oficial: 347. Representan los importes de la cuentas por cobrar que se encuentran en fase de reclamación o litigio entre entidades sin que medie trámite ante tribunales judiciales. Debe analizarse por clientes. Se debitan por el inicio del proceso de reclamación del adeudo y se acreditan por el importe de los cobros efectuados, su reclasificación o su cancelación. Esta cuenta se analiza por las subcuentas de uso obligatorio definidas en el nomenclador de cuentas."
"account_347_0020","Cuentas por Cobrar en Litigio - Fuera del Órgano u Organismo","347.0020","asset_receivable","True","Codigo oficial: 347. Representan los importes de la cuentas por cobrar que se encuentran en fase de reclamación o litigio entre entidades sin que medie trámite ante tribunales judiciales. Debe analizarse por clientes. Se debitan por el inicio del proceso de reclamación del adeudo y se acreditan por el importe de los cobros efectuados, su reclasificación o su cancelación. Esta cuenta se analiza por las subcuentas de uso obligatorio definidas en el nomenclador de cuentas."
"account_347_0030","Cuentas por Cobrar en Litigio - En el Extranjero","347.0030","asset_receivable","True","Codigo oficial: 347. Representan los importes de la cuentas por cobrar que se encuentran en fase de reclamación o litigio entre entidades sin que medie trámite ante tribunales judiciales. Debe analizarse por clientes. Se debitan por el inicio del proceso de reclamación del adeudo y se acreditan por el importe de los cobros efectuados, su reclasificación o su cancelación. Esta cuenta se analiza por las subcuentas de uso obligatorio definidas en el nomenclador de cuentas."
"account_347_0040","Cuentas por Cobrar en Litigio - Dentro del Grupo Empresarial","347.0040","asset_receivable","True","Codigo oficial: 347. Representan los importes de la cuentas por cobrar que se encuentran en fase de reclamación o litigio entre entidades sin que medie trámite ante tribunales judiciales. Debe analizarse por clientes. Se debitan por el inicio del proceso de reclamación del adeudo y se acreditan por el importe de los cobros efectuados, su reclasificación o su cancelación. Esta cuenta se analiza por las subcuentas de uso obligatorio definidas en el nomenclador de cuentas."
"account_347_0050","Cuentas por Cobrar en Litigio - Sector Cooperativo","347.0050","asset_receivable","True","Codigo oficial: 347. Representan los importes de la cuentas por cobrar que se encuentran en fase de reclamación o litigio entre entidades sin que medie trámite ante tribunales judiciales. Debe analizarse por clientes. Se debitan por el inicio del proceso de reclamación del adeudo y se acreditan por el importe de los cobros efectuados, su reclasificación o su cancelación. Esta cuenta se analiza por las subcuentas de uso obligatorio definidas en el nomenclador de cuentas."
"account_347_0060","Cuentas por Cobrar en Litigio - Personas Naturales","347.0060","asset_receivable","True","Codigo oficial: 347. Representan los importes de la cuentas por cobrar que se encuentran en fase de reclamación o litigio entre entidades sin que medie trámite ante tribunales judiciales. Debe analizarse por clientes. Se debitan por el inicio del proceso de reclamación del adeudo y se acreditan por el importe de los cobros efectuados, su reclasificación o su cancelación. Esta cuenta se analiza por las subcuentas de uso obligatorio definidas en el nomenclador de cuentas."
"account_348_0010","Efectos por Cobrar Protestados - Dentro del Órgano u Organismo","348.0010","asset_current","True","Codigo oficial: 348. Representan los importes de los efectos por cobrar que se encuentran en fase de proceso judicial. Debe analizarse por clientes. Se debitan por el inicio del proceso legal de reclamación del adeudo y se acreditan por el importe de los cobros efectuados o su cancelación. Esta cuenta se analiza por las subcuentas de uso obligatorio definidas en el nomenclador de cuentas."
"account_348_0020","Efectos por Cobrar Protestados - Fuera del Órgano u Organismo","348.0020","asset_current","True","Codigo oficial: 348. Representan los importes de los efectos por cobrar que se encuentran en fase de proceso judicial. Debe analizarse por clientes. Se debitan por el inicio del proceso legal de reclamación del adeudo y se acreditan por el importe de los cobros efectuados o su cancelación. Esta cuenta se analiza por las subcuentas de uso obligatorio definidas en el nomenclador de cuentas."
"account_348_0030","Efectos por Cobrar Protestados - En el Extranjero","348.0030","asset_current","True","Codigo oficial: 348. Representan los importes de los efectos por cobrar que se encuentran en fase de proceso judicial. Debe analizarse por clientes. Se debitan por el inicio del proceso legal de reclamación del adeudo y se acreditan por el importe de los cobros efectuados o su cancelación. Esta cuenta se analiza por las subcuentas de uso obligatorio definidas en el nomenclador de cuentas."
"account_348_0040","Efectos por Cobrar Protestados - Dentro del Grupo Empresarial","348.0040","asset_current","True","Codigo oficial: 348. Representan los importes de los efectos por cobrar que se encuentran en fase de proceso judicial. Debe analizarse por clientes. Se debitan por el inicio del proceso legal de reclamación del adeudo y se acreditan por el importe de los cobros efectuados o su cancelación. Esta cuenta se analiza por las subcuentas de uso obligatorio definidas en el nomenclador de cuentas."
"account_348_0050","Efectos por Cobrar Protestados - Sector Cooperativo","348.0050","asset_current","True","Codigo oficial: 348. Representan los importes de los efectos por cobrar que se encuentran en fase de proceso judicial. Debe analizarse por clientes. Se debitan por el inicio del proceso legal de reclamación del adeudo y se acreditan por el importe de los cobros efectuados o su cancelación. Esta cuenta se analiza por las subcuentas de uso obligatorio definidas en el nomenclador de cuentas."
"account_348_0060","Efectos por Cobrar Protestados - Personas Naturales","348.0060","asset_current","True","Codigo oficial: 348. Representan los importes de los efectos por cobrar que se encuentran en fase de proceso judicial. Debe analizarse por clientes. Se debitan por el inicio del proceso legal de reclamación del adeudo y se acreditan por el importe de los cobros efectuados o su cancelación. Esta cuenta se analiza por las subcuentas de uso obligatorio definidas en el nomenclador de cuentas."
"account_349_0010","Cuentas por Cobrar en Proceso Judicial - Dentro del Órgano u Organismo","349.0010","asset_receivable","True","Codigo oficial: 349. Representan los importes de la cuentas por cobrar que se encuentran en fase de proceso judicial. Se debitan por el inicio del proceso legal de reclamación del adeudo y se acreditan por el importe de los cobros efectuados o su cancelación. Esta cuenta se analiza por las subcuentas de uso obligatorio definidas en el nomenclador de cuentas y por clientes."
"account_349_0020","Cuentas por Cobrar en Proceso Judicial - Fuera del Órgano u Organismo","349.0020","asset_receivable","True","Codigo oficial: 349. Representan los importes de la cuentas por cobrar que se encuentran en fase de proceso judicial. Se debitan por el inicio del proceso legal de reclamación del adeudo y se acreditan por el importe de los cobros efectuados o su cancelación. Esta cuenta se analiza por las subcuentas de uso obligatorio definidas en el nomenclador de cuentas y por clientes."
"account_349_0030","Cuentas por Cobrar en Proceso Judicial - En el Extranjero","349.0030","asset_receivable","True","Codigo oficial: 349. Representan los importes de la cuentas por cobrar que se encuentran en fase de proceso judicial. Se debitan por el inicio del proceso legal de reclamación del adeudo y se acreditan por el importe de los cobros efectuados o su cancelación. Esta cuenta se analiza por las subcuentas de uso obligatorio definidas en el nomenclador de cuentas y por clientes."
"account_349_0040","Cuentas por Cobrar en Proceso Judicial - Dentro del Grupo Empresarial","349.0040","asset_receivable","True","Codigo oficial: 349. Representan los importes de la cuentas por cobrar que se encuentran en fase de proceso judicial. Se debitan por el inicio del proceso legal de reclamación del adeudo y se acreditan por el importe de los cobros efectuados o su cancelación. Esta cuenta se analiza por las subcuentas de uso obligatorio definidas en el nomenclador de cuentas y por clientes."
"account_349_0050","Cuentas por Cobrar en Proceso Judicial - Sector Cooperativo","349.0050","asset_receivable","True","Codigo oficial: 349. Representan los importes de la cuentas por cobrar que se encuentran en fase de proceso judicial. Se debitan por el inicio del proceso legal de reclamación del adeudo y se acreditan por el importe de los cobros efectuados o su cancelación. Esta cuenta se analiza por las subcuentas de uso obligatorio definidas en el nomenclador de cuentas y por clientes."
"account_349_0060","Cuentas por Cobrar en Proceso Judicial - Personas Naturales","349.0060","asset_receivable","True","Codigo oficial: 349. Representan los importes de la cuentas por cobrar que se encuentran en fase de proceso judicial. Se debitan por el inicio del proceso legal de reclamación del adeudo y se acreditan por el importe de los cobros efectuados o su cancelación. Esta cuenta se analiza por las subcuentas de uso obligatorio definidas en el nomenclador de cuentas y por clientes."
"account_354","Depósitos y Fianzas","354","asset_current","False","Rango oficial: 354 a 355. En estas cuentas se registran los importes depositados por concepto de garantías o de fianzas legales, hasta la elaboración de los procesos judiciales. Se deberá analizar por deudores. Se debitan al efectuarse el depósito de los importes y se acreditan al aplicarse por el receptor a cobros de servicios o daños, de acuerdo con los contratos suscritos o realizarse el reintegro de los importes depositados en entidades judiciales."
"account_363","Bonos Redimidos","363","asset_current","False","Codigo oficial: 363. Comprende el importe de los Bonos liquidados antes de su vencimiento. Aparece en el Estado de Situación minorando la cuenta Bonos por Pagar. Se debitan por el importe de los Bonos liquidados antes de su vencimiento y se acredita en el momento del vencimiento afectando la cuenta Bonos por Pagar."
"account_364","Fondo de Amortización de Bonos – Efectivo y Valores","364","asset_current","False","Codigo oficial: 364. Se incluye en esta cuenta el importe correspondiente al fondo de amortización de bonos, bien sea en efectivo o en valores negociables. Se debitan por la creación del fondo y se acreditan por la venta de los valores del fondo o por su cancelación."
"account_365","Efectos por Cobrar Descontados","365","asset_fixed","True","Codigo oficial: 365. Se registran en estas cuentas los importes correspondientes a los efectos por cobrar que han sido negociados antes de su vencimiento, hasta la notificación de su liquidación por el deudor o su cargo por el Banco. Se acreditan por los valores de los efectos que han sido negociados y se debitan por la comunicación de que los documentos descontados fueron pagados por los girados o cargados en cuenta por el Banco."
"account_366","Desgaste de Base Material de Estudio","366","asset_fixed","False","Codigo oficial: 366. Esta cuenta es de carácter opcional, debiendo ser utilizada solo si se decide por la entidad utilizar cualesquiera de los métodos reconocidos. Se recomienda utilizar el método de desgaste sistemático por tasa. Cuando la entidad opte por aplicar métodos de amortización a la base material de estudio o de incluir en los costos o gastos sus valores parcialmente al ponerlos en uso y al darles de baja, estos bienes se expondrán en los Estados Financieros por el valor no cargado a gastos o costos. Se acredita por el importe del desgaste que se carga en el período y se debita por el valor no amortizado o al darle baja a los bienes."
"account_367","Desgaste de Vestuario y Lencería","367","asset_fixed","False","Codigo oficial: 367. Esta cuenta es de carácter opcional, debiendo ser utilizada solo si se decide por la entidad utilizar cualesquiera de los métodos reconocidos. Se recomienda utilizar el método de desgaste sistemático por tasa. Cuando la entidad opte por aplicar métodos de amortización a los vestuarios y lencería o de incluir en los costos o gastos sus valores parcialmente al ponerlos en uso y al darles de baja, estos bienes se expondrán en los Estados Financieros por el valor no cargado a gastos o costos. Se acredita por el importe del desgaste que se carga en el período y se debita por el valor no amortizado o al darle de baja a los bienes."
"account_369","Provisión para Cuentas Incobrables","369","asset_fixed","False","Codigo oficial: 369. Representa los recursos monetarios reservados para cubrir las cuentas por cobrar que se cancelen por considerarse incobrables, constituyendo una provisión para financiar las pérdidas ocasionadas por la falta de liquidación de sus adeudos por algunos clientes, que se crea de acuerdo con las regulaciones financieras vigentes. Es preciso el ajuste de esta provisión al final del ejercicio económico, en base a la estimación de la necesidad de la misma para cubrir pérdidas por ser incobrable en el período siguiente. Se acreditan por el estimado de gastos de las cuentas incobrables a cancelar en el período y se debitan por la cancelación de las cuentas por cobrar declaradas incobrables."
"account_370","Descuento Comercial e Impuesto","370","asset_fixed","False","Rango oficial: 370 a 372. Comprenden los importes del descuento comercial que corresponde a la entidad comercializadora, así como a los niveles a los cuales se les venden las mercancías, cuando estas se controlan a precio de venta a la población. Incluyen, además, el Impuesto de Circulación que grava dichas mercancías, cuando este no corresponde ser liquidado por el productor. Se acreditan por los importes que correspondan al adquirir las mercancías y se debitan por la proporción que corresponda minorar de los costos por las ventas efectuadas y por las mermas y deterioros, así como por los faltantes o pérdidas detectados."
"account_373","Desgaste de Útiles y Herramientas","373","asset_fixed","False","Codigo oficial: 373. Esta cuenta es de carácter opcional, debiendo ser utilizada solo si se decide por la entidad utilizar cualesquiera de los métodos reconocidos. Cuando la entidad opte por aplicar métodos de amortización a los útiles y herramientas o de incluir en los costos o gastos sus valores parcialmente al ponerlos en uso y al darles de baja, estos bienes se expondrán en los Estados Financieros por el valor no cargado a gastos o costos. Se acredita por el importe del desgaste que se carga en el período y se debita por el valor no amortizado o al darle de baja a los bienes."
"account_374","Otras Provisiones Reguladoras de Activos","374","asset_fixed","False","Codigo oficial: 374. Representa los recursos monetarios reservados para cubrir pérdidas por el manejo de los inventarios, como es el caso de los inventarios ociosos y de lento movimiento. Se crean de acuerdo con las regulaciones financieras vigentes. Se acreditan al momento de su creación y se debitan por el uso o cancelación de la provisión."
"account_375","Depreciación de Activos Fijos Tangibles","375","asset_fixed","False","Rango oficial: 375 a 388. Estas cuentas se corresponden con la pérdida del valor que sufren los Activos Fijos Tangibles y que se registra en ellas (excepto los terrenos y animales productivos), debido al desgaste ocasionado por el uso normal o extraordinario durante los períodos que presten servicios o participen en la producción o a su obsolescencia tecnológica. Se acreditan por el importe de la depreciación para reposición correspondientes al período y se debitan por la depreciación acumulada en el momento de la baja de los Activos Fijos Tangibles o por las modificaciones de las tasas."
"account_389","Desgaste de Medios y Equipos para Alquilar","389","asset_fixed","False","Codigo oficial: 389. Esta cuenta es de carácter opcional, debiendo ser utilizada solo si se decide por la entidad utilizar cualesquiera de los métodos reconocidos. Se recomienda utilizar el método de desgaste sistemático por tasa. Cuando la entidad opte por aplicar métodos de amortización a los medios y equipos para alquilar o de incluir en los costos o gastos sus valores parcialmente al ponerlos en uso y al darles de baja, estos bienes se expondrán en los Estados Financieros por el valor no cargado a gastos o costos. Se acredita por el importe del desgaste que se carga en el período y se debita por el valor no amortizado o al darle de baja a los bienes."
"account_390","Amortización de Activos Fijos Intangibles","390","asset_fixed","False","Rango oficial: 390 a 399. Se registra en estas cuentas la pérdida de valor que sufren ciertos Activos Fijos Intangibles, por el vencimiento del tiempo establecido como término de su usufructo. Se acreditan por el cargo sistemático de la proporción de su valor a costos o gastos del período y se debitan por la baja de los Activos Fijos Intangibles."
"account_400","Sobregiro Bancario","400","liability_current","False","Codigo oficial: 400. Representa el saldo acreedor, según libros, de las cuentas bancarias, siempre y cuando exista contrato de sobregiro entre la entidad y el Banco, en los cuales este último se compromete a entregar hasta un monto por encima de la disponibilidad que posee la entidad para pagar sus compromisos. Copia de estos acuerdos deben estar en posesión de la entidad. Se acreditan al final del período contable por el efectivo sobregirado por encima de la disponibilidad hasta el monto autorizado por el Banco y se debitan por la reversión de la operación al inicio del período siguiente."
"account_401_0010","Efectos por Pagar a Corto Plazo - Dentro del Órgano u Organismo","401.0010","liability_current","True","Rango oficial: 401 a 404. Constituyen obligaciones formales respaldadas por documentos de crédito con carácter legal, emitidos por los compradores dentro de los términos vigentes, que no les permitan perder su respaldo legal, desglosado por suministradores, tipos de monedas y edades. Comprenden, entre otros, las letras de cambio y los pagarés recibidos y aceptados de suministradores. Se acreditan por los documentos aceptados y se debitan por los pagos de los documentos señalados. Esta cuenta se analiza por las subcuentas de uso obligatorio definidas en el nomenclador de cuentas."
"account_401_0020","Efectos por Pagar a Corto Plazo - Fuera del Órgano u Organismo","401.0020","liability_current","True","Rango oficial: 401 a 404. Constituyen obligaciones formales respaldadas por documentos de crédito con carácter legal, emitidos por los compradores dentro de los términos vigentes, que no les permitan perder su respaldo legal, desglosado por suministradores, tipos de monedas y edades. Comprenden, entre otros, las letras de cambio y los pagarés recibidos y aceptados de suministradores. Se acreditan por los documentos aceptados y se debitan por los pagos de los documentos señalados. Esta cuenta se analiza por las subcuentas de uso obligatorio definidas en el nomenclador de cuentas."
"account_401_0030","Efectos por Pagar a Corto Plazo - En el Extranjero","401.0030","liability_current","True","Rango oficial: 401 a 404. Constituyen obligaciones formales respaldadas por documentos de crédito con carácter legal, emitidos por los compradores dentro de los términos vigentes, que no les permitan perder su respaldo legal, desglosado por suministradores, tipos de monedas y edades. Comprenden, entre otros, las letras de cambio y los pagarés recibidos y aceptados de suministradores. Se acreditan por los documentos aceptados y se debitan por los pagos de los documentos señalados. Esta cuenta se analiza por las subcuentas de uso obligatorio definidas en el nomenclador de cuentas."
"account_401_0040","Efectos por Pagar a Corto Plazo - Dentro del Grupo Empresarial","401.0040","liability_current","True","Rango oficial: 401 a 404. Constituyen obligaciones formales respaldadas por documentos de crédito con carácter legal, emitidos por los compradores dentro de los términos vigentes, que no les permitan perder su respaldo legal, desglosado por suministradores, tipos de monedas y edades. Comprenden, entre otros, las letras de cambio y los pagarés recibidos y aceptados de suministradores. Se acreditan por los documentos aceptados y se debitan por los pagos de los documentos señalados. Esta cuenta se analiza por las subcuentas de uso obligatorio definidas en el nomenclador de cuentas."
"account_401_0050","Efectos por Pagar a Corto Plazo - Sector Cooperativo","401.0050","liability_current","True","Rango oficial: 401 a 404. Constituyen obligaciones formales respaldadas por documentos de crédito con carácter legal, emitidos por los compradores dentro de los términos vigentes, que no les permitan perder su respaldo legal, desglosado por suministradores, tipos de monedas y edades. Comprenden, entre otros, las letras de cambio y los pagarés recibidos y aceptados de suministradores. Se acreditan por los documentos aceptados y se debitan por los pagos de los documentos señalados. Esta cuenta se analiza por las subcuentas de uso obligatorio definidas en el nomenclador de cuentas."
"account_401_0060","Efectos por Pagar a Corto Plazo - Personas Naturales","401.0060","liability_current","True","Rango oficial: 401 a 404. Constituyen obligaciones formales respaldadas por documentos de crédito con carácter legal, emitidos por los compradores dentro de los términos vigentes, que no les permitan perder su respaldo legal, desglosado por suministradores, tipos de monedas y edades. Comprenden, entre otros, las letras de cambio y los pagarés recibidos y aceptados de suministradores. Se acreditan por los documentos aceptados y se debitan por los pagos de los documentos señalados. Esta cuenta se analiza por las subcuentas de uso obligatorio definidas en el nomenclador de cuentas."
"account_405_0010","Cuentas por Pagar a Corto Plazo - Dentro del Órgano u Organismo","405.0010","liability_payable","True","Rango oficial: 405 a 415. Representan los importes pendientes de pago a proveedores por operaciones corrientes, por la recepción o aceptación de las mercancías, materiales, servicios recibidos, incluyendo los asociados a la actividad de seguros, etc., debiéndose analizar por subcuentas obligatorias por proveedores y por cada documento recibido o elaborado y pagado. Se acreditan por las obligaciones contraídas al efectuar las compras de productos o la recepción de los servicios y se debitan por el importe de los pagos efectuados."
"account_405_0020","Cuentas por Pagar a Corto Plazo - Fuera del Órgano u Organismo","405.0020","liability_payable","True","Rango oficial: 405 a 415. Representan los importes pendientes de pago a proveedores por operaciones corrientes, por la recepción o aceptación de las mercancías, materiales, servicios recibidos, incluyendo los asociados a la actividad de seguros, etc., debiéndose analizar por subcuentas obligatorias por proveedores y por cada documento recibido o elaborado y pagado. Se acreditan por las obligaciones contraídas al efectuar las compras de productos o la recepción de los servicios y se debitan por el importe de los pagos efectuados."
"account_405_0030","Cuentas por Pagar a Corto Plazo - En el Extranjero","405.0030","liability_payable","True","Rango oficial: 405 a 415. Representan los importes pendientes de pago a proveedores por operaciones corrientes, por la recepción o aceptación de las mercancías, materiales, servicios recibidos, incluyendo los asociados a la actividad de seguros, etc., debiéndose analizar por subcuentas obligatorias por proveedores y por cada documento recibido o elaborado y pagado. Se acreditan por las obligaciones contraídas al efectuar las compras de productos o la recepción de los servicios y se debitan por el importe de los pagos efectuados."
"account_405_0040","Cuentas por Pagar a Corto Plazo - Dentro del Grupo Empresarial","405.0040","liability_payable","True","Rango oficial: 405 a 415. Representan los importes pendientes de pago a proveedores por operaciones corrientes, por la recepción o aceptación de las mercancías, materiales, servicios recibidos, incluyendo los asociados a la actividad de seguros, etc., debiéndose analizar por subcuentas obligatorias por proveedores y por cada documento recibido o elaborado y pagado. Se acreditan por las obligaciones contraídas al efectuar las compras de productos o la recepción de los servicios y se debitan por el importe de los pagos efectuados."
"account_405_0050","Cuentas por Pagar a Corto Plazo - Sector Cooperativo","405.0050","liability_payable","True","Rango oficial: 405 a 415. Representan los importes pendientes de pago a proveedores por operaciones corrientes, por la recepción o aceptación de las mercancías, materiales, servicios recibidos, incluyendo los asociados a la actividad de seguros, etc., debiéndose analizar por subcuentas obligatorias por proveedores y por cada documento recibido o elaborado y pagado. Se acreditan por las obligaciones contraídas al efectuar las compras de productos o la recepción de los servicios y se debitan por el importe de los pagos efectuados."
"account_405_0060","Cuentas por Pagar a Corto Plazo - Personas Naturales","405.0060","liability_payable","True","Rango oficial: 405 a 415. Representan los importes pendientes de pago a proveedores por operaciones corrientes, por la recepción o aceptación de las mercancías, materiales, servicios recibidos, incluyendo los asociados a la actividad de seguros, etc., debiéndose analizar por subcuentas obligatorias por proveedores y por cada documento recibido o elaborado y pagado. Se acreditan por las obligaciones contraídas al efectuar las compras de productos o la recepción de los servicios y se debitan por el importe de los pagos efectuados."
"account_416","Cobros por Cuenta de Terceros","416","liability_current","False","Codigo oficial: 416. Representa los créditos por los cobros realizados por cuenta de terceros por servicios o ventas de productos efectuados por estos y se debitan los pagos a las entidades por cuenta de las cuales se realizaron los cobros, debiéndose analizar estos por proveedores y por cada documento recibido o elaborado y pagado. En empresas que prestan servicios de transporte aéreo refleja también el cobro de las guías aéreas que se pagan en el destino."
"account_417","Dividendos y Participaciones por Pagar","417","liability_current","True","Codigo oficial: 417. Comprenden, al cierre de cada período contable, los importes que se encuentran en proceso de pago por concepto de dividendos declarados de inversiones financieras representadas por acciones o beneficios por ser partes en contrato de asociación económica internacional. Comprende las utilidades que la Asamblea General de Cooperativistas decide distribuir a estos y se encuentren pendiente de cobro, a posteriori del cierre del período contable. Se acreditan por la declaración de los dividendos pendientes de pago, por las Utilidades a distribuir a cooperativistas y se debitan por el pago de estos."
"account_418","Cuentas en Participación","418","liability_current","False","Rango oficial: 418 a 420. Comprenden el importe de los contratos de asociación económica internacional desde su inicio hasta su liquidación. Debe analizarse por contrato o asociación. Se acreditan por el aporte de los socios, por el ingreso recibido por concepto de ventas asociadas al contrato y por los beneficios obtenidos de las operaciones de la asociación pendientes de cobro y se debitan por los gastos en que incurren en el contrato, el pago de impuestos y contribuciones, la liquidación del contrato, la devolución de los aportes y el cobro de los beneficios en cada período o al liquidarse el contrato."
"account_421_0010","Cuentas por Pagar - Activos Fijos Tangibles - Dentro del Órgano u Organismo","421.0010","liability_payable","True","Rango oficial: 421 a 424. En estas cuentas se registran las obligaciones contraídas con los suministradores de Activos Fijos Tangibles, debiéndose analizar por proveedores y estos por cada documento recibido o elaborado y pagado. Se acreditan por los documentos recibidos o elaborados y se debitan por los pagos efectuados. Esta cuenta se analiza por las subcuentas de uso obligatorio definidas en el nomenclador de cuentas."
"account_421_0020","Cuentas por Pagar - Activos Fijos Tangibles - Fuera del Órgano u Organismo","421.0020","liability_payable","True","Rango oficial: 421 a 424. En estas cuentas se registran las obligaciones contraídas con los suministradores de Activos Fijos Tangibles, debiéndose analizar por proveedores y estos por cada documento recibido o elaborado y pagado. Se acreditan por los documentos recibidos o elaborados y se debitan por los pagos efectuados. Esta cuenta se analiza por las subcuentas de uso obligatorio definidas en el nomenclador de cuentas."
"account_421_0030","Cuentas por Pagar - Activos Fijos Tangibles - En el Extranjero","421.0030","liability_payable","True","Rango oficial: 421 a 424. En estas cuentas se registran las obligaciones contraídas con los suministradores de Activos Fijos Tangibles, debiéndose analizar por proveedores y estos por cada documento recibido o elaborado y pagado. Se acreditan por los documentos recibidos o elaborados y se debitan por los pagos efectuados. Esta cuenta se analiza por las subcuentas de uso obligatorio definidas en el nomenclador de cuentas."
"account_421_0040","Cuentas por Pagar - Activos Fijos Tangibles - Dentro del Grupo Empresarial","421.0040","liability_payable","True","Rango oficial: 421 a 424. En estas cuentas se registran las obligaciones contraídas con los suministradores de Activos Fijos Tangibles, debiéndose analizar por proveedores y estos por cada documento recibido o elaborado y pagado. Se acreditan por los documentos recibidos o elaborados y se debitan por los pagos efectuados. Esta cuenta se analiza por las subcuentas de uso obligatorio definidas en el nomenclador de cuentas."
"account_421_0050","Cuentas por Pagar - Activos Fijos Tangibles - Sector Cooperativo","421.0050","liability_payable","True","Rango oficial: 421 a 424. En estas cuentas se registran las obligaciones contraídas con los suministradores de Activos Fijos Tangibles, debiéndose analizar por proveedores y estos por cada documento recibido o elaborado y pagado. Se acreditan por los documentos recibidos o elaborados y se debitan por los pagos efectuados. Esta cuenta se analiza por las subcuentas de uso obligatorio definidas en el nomenclador de cuentas."
"account_421_0060","Cuentas por Pagar - Activos Fijos Tangibles - Personas Naturales","421.0060","liability_payable","True","Rango oficial: 421 a 424. En estas cuentas se registran las obligaciones contraídas con los suministradores de Activos Fijos Tangibles, debiéndose analizar por proveedores y estos por cada documento recibido o elaborado y pagado. Se acreditan por los documentos recibidos o elaborados y se debitan por los pagos efectuados. Esta cuenta se analiza por las subcuentas de uso obligatorio definidas en el nomenclador de cuentas."
"account_425_0010","Cuentas por Pagar del Proceso Inversionista - Dentro del Órgano u Organismo","425.0010","liability_payable","True","Rango oficial: 425 a 429. Incluyen las obligaciones reconocidas a pagar a las entidades o a las nuevas formas de gestión autorizadas con las que se contratan las inversiones materiales, independientemente de que su pago se efectúe previa o posteriormente a la recepción de las construcciones, trabajos de instalación y montaje, equipos, materiales, proyectos y otros gastos. Debe analizarse por subcuentas obligatorias, por clientes, considerando cada documento emitido y pagado. También comprenden al final de cada año, los importes pendientes de reintegrar por inversiones ejecutadas con medios propios y los estimados de obligaciones cuyos documentos no han sido recibidos de los constructores o suministradores. Se acreditan por las obligaciones contraídas con las entidades ejecutoras de las inversiones materiales y suministradoras de los equipos y materiales y por los importes pendientes de reintegrar por inversiones ejecutadas con medios propios (solo cuando estas son financiadas con recursos del Presupuesto del Estado) y se debitan por los pagos efectuados y por los reintegros realizados al inicio del año por las inversiones materiales ejecutadas con medios propios el año anterior, si procede."
"account_425_0020","Cuentas por Pagar del Proceso Inversionista - Fuera del Órgano u Organismo","425.0020","liability_payable","True","Rango oficial: 425 a 429. Incluyen las obligaciones reconocidas a pagar a las entidades o a las nuevas formas de gestión autorizadas con las que se contratan las inversiones materiales, independientemente de que su pago se efectúe previa o posteriormente a la recepción de las construcciones, trabajos de instalación y montaje, equipos, materiales, proyectos y otros gastos. Debe analizarse por subcuentas obligatorias, por clientes, considerando cada documento emitido y pagado. También comprenden al final de cada año, los importes pendientes de reintegrar por inversiones ejecutadas con medios propios y los estimados de obligaciones cuyos documentos no han sido recibidos de los constructores o suministradores. Se acreditan por las obligaciones contraídas con las entidades ejecutoras de las inversiones materiales y suministradoras de los equipos y materiales y por los importes pendientes de reintegrar por inversiones ejecutadas con medios propios (solo cuando estas son financiadas con recursos del Presupuesto del Estado) y se debitan por los pagos efectuados y por los reintegros realizados al inicio del año por las inversiones materiales ejecutadas con medios propios el año anterior, si procede."
"account_425_0030","Cuentas por Pagar del Proceso Inversionista - En el Extranjero","425.0030","liability_payable","True","Rango oficial: 425 a 429. Incluyen las obligaciones reconocidas a pagar a las entidades o a las nuevas formas de gestión autorizadas con las que se contratan las inversiones materiales, independientemente de que su pago se efectúe previa o posteriormente a la recepción de las construcciones, trabajos de instalación y montaje, equipos, materiales, proyectos y otros gastos. Debe analizarse por subcuentas obligatorias, por clientes, considerando cada documento emitido y pagado. También comprenden al final de cada año, los importes pendientes de reintegrar por inversiones ejecutadas con medios propios y los estimados de obligaciones cuyos documentos no han sido recibidos de los constructores o suministradores. Se acreditan por las obligaciones contraídas con las entidades ejecutoras de las inversiones materiales y suministradoras de los equipos y materiales y por los importes pendientes de reintegrar por inversiones ejecutadas con medios propios (solo cuando estas son financiadas con recursos del Presupuesto del Estado) y se debitan por los pagos efectuados y por los reintegros realizados al inicio del año por las inversiones materiales ejecutadas con medios propios el año anterior, si procede."
"account_425_0040","Cuentas por Pagar del Proceso Inversionista - Dentro del Grupo Empresarial","425.0040","liability_payable","True","Rango oficial: 425 a 429. Incluyen las obligaciones reconocidas a pagar a las entidades o a las nuevas formas de gestión autorizadas con las que se contratan las inversiones materiales, independientemente de que su pago se efectúe previa o posteriormente a la recepción de las construcciones, trabajos de instalación y montaje, equipos, materiales, proyectos y otros gastos. Debe analizarse por subcuentas obligatorias, por clientes, considerando cada documento emitido y pagado. También comprenden al final de cada año, los importes pendientes de reintegrar por inversiones ejecutadas con medios propios y los estimados de obligaciones cuyos documentos no han sido recibidos de los constructores o suministradores. Se acreditan por las obligaciones contraídas con las entidades ejecutoras de las inversiones materiales y suministradoras de los equipos y materiales y por los importes pendientes de reintegrar por inversiones ejecutadas con medios propios (solo cuando estas son financiadas con recursos del Presupuesto del Estado) y se debitan por los pagos efectuados y por los reintegros realizados al inicio del año por las inversiones materiales ejecutadas con medios propios el año anterior, si procede."
"account_425_0050","Cuentas por Pagar del Proceso Inversionista - Sector Cooperativo","425.0050","liability_payable","True","Rango oficial: 425 a 429. Incluyen las obligaciones reconocidas a pagar a las entidades o a las nuevas formas de gestión autorizadas con las que se contratan las inversiones materiales, independientemente de que su pago se efectúe previa o posteriormente a la recepción de las construcciones, trabajos de instalación y montaje, equipos, materiales, proyectos y otros gastos. Debe analizarse por subcuentas obligatorias, por clientes, considerando cada documento emitido y pagado. También comprenden al final de cada año, los importes pendientes de reintegrar por inversiones ejecutadas con medios propios y los estimados de obligaciones cuyos documentos no han sido recibidos de los constructores o suministradores. Se acreditan por las obligaciones contraídas con las entidades ejecutoras de las inversiones materiales y suministradoras de los equipos y materiales y por los importes pendientes de reintegrar por inversiones ejecutadas con medios propios (solo cuando estas son financiadas con recursos del Presupuesto del Estado) y se debitan por los pagos efectuados y por los reintegros realizados al inicio del año por las inversiones materiales ejecutadas con medios propios el año anterior, si procede."
"account_425_0060","Cuentas por Pagar del Proceso Inversionista - Personas Naturales","425.0060","liability_payable","True","Rango oficial: 425 a 429. Incluyen las obligaciones reconocidas a pagar a las entidades o a las nuevas formas de gestión autorizadas con las que se contratan las inversiones materiales, independientemente de que su pago se efectúe previa o posteriormente a la recepción de las construcciones, trabajos de instalación y montaje, equipos, materiales, proyectos y otros gastos. Debe analizarse por subcuentas obligatorias, por clientes, considerando cada documento emitido y pagado. También comprenden al final de cada año, los importes pendientes de reintegrar por inversiones ejecutadas con medios propios y los estimados de obligaciones cuyos documentos no han sido recibidos de los constructores o suministradores. Se acreditan por las obligaciones contraídas con las entidades ejecutoras de las inversiones materiales y suministradoras de los equipos y materiales y por los importes pendientes de reintegrar por inversiones ejecutadas con medios propios (solo cuando estas son financiadas con recursos del Presupuesto del Estado) y se debitan por los pagos efectuados y por los reintegros realizados al inicio del año por las inversiones materiales ejecutadas con medios propios el año anterior, si procede."
"account_430","Cobros Anticipados","430","liability_current","False","Rango oficial: 430 a 433. Estas cuentas se utilizan para registrar el efectivo recibido de clientes sin que haya mediado la contraprestación del servicio o la entrega del producto o de la mercancía. Debe analizarse por clientes, considerando cada documento emitido y pagado. Asimismo comprenden los cobros planificados efectuados durante el mes, de acuerdo con lo pactado en los contratos suscritos. Se acreditan por los importes cobrados anticipadamente y se debitan por la aplicación de los cobros anticipados a los servicios, productos o mercancías entregados o por la compensación de las Cuentas por Pagar registradas por estas operaciones."
"account_434","Materiales Recibidos de Forma Anticipada","434","liability_current","False","Codigo oficial: 434. Estas cuentas se utilizan para registrar los recursos materiales recibidos de clientes sin que haya mediado la contraprestación del servicio o la entrega del producto o de la mercancía. Debe analizarse por clientes, considerando cada documento emitido y pagado. Asimismo comprenden los cobros planificados efectuados durante el mes, de acuerdo con lo pactado en los contratos suscritos. Se acreditan por los importes cobrados anticipadamente y se debitan por la aplicación de los cobros anticipados a los servicios, productos o mercancías entregados o por la compensación de las Cuentas por Pagar registradas por estas operaciones."
"account_435","Depósitos Recibidos","435","liability_current","False","Rango oficial: 435 a 439. Representan los importes recibidos por concepto de garantía y aquellos destinados a efectuar pagos por cuenta del depositante. No comprenden los cobros recibidos de los clientes por la entrega futura de servicios, productos o mercancías, en virtud de contratos suscritos al efecto. Se acreditan por los importes recibidos en depósito y se debitan por el reintegro de estos o su aplicación a daños de bienes de la entidad."
"account_440_0001","Obligaciones con el Presupuesto del Estado - Impuesto sobre Ventas","440.0001","liability_current","False","Rango oficial: 440 a 449. Representan los importes pendientes de aportar directamente al Presupuesto del Estado, de acuerdo con las regulaciones financieras vigentes. Comprenden, entre otros, obligaciones por impuestos, tasas y contribuciones. Se analiza por subcuentas de uso obligatorio correspondiéndose con la sección del Clasificador de Recursos Financieros. Se acreditan por los importes pendientes de aportar al Presupuesto del Estado y se debitan por el pago de las obligaciones contraídas."
"account_440_0002","Obligaciones con el Presupuesto del Estado - Impuesto sobre los Servicios Públicos","440.0002","liability_current","False","Rango oficial: 440 a 449. Representan los importes pendientes de aportar directamente al Presupuesto del Estado, de acuerdo con las regulaciones financieras vigentes. Comprenden, entre otros, obligaciones por impuestos, tasas y contribuciones. Se analiza por subcuentas de uso obligatorio correspondiéndose con la sección del Clasificador de Recursos Financieros. Se acreditan por los importes pendientes de aportar al Presupuesto del Estado y se debitan por el pago de las obligaciones contraídas."
"account_440_0003","Obligaciones con el Presupuesto del Estado - Aranceles de Aduana","440.0003","liability_current","False","Rango oficial: 440 a 449. Representan los importes pendientes de aportar directamente al Presupuesto del Estado, de acuerdo con las regulaciones financieras vigentes. Comprenden, entre otros, obligaciones por impuestos, tasas y contribuciones. Se analiza por subcuentas de uso obligatorio correspondiéndose con la sección del Clasificador de Recursos Financieros. Se acreditan por los importes pendientes de aportar al Presupuesto del Estado y se debitan por el pago de las obligaciones contraídas."
"account_440_0004","Obligaciones con el Presupuesto del Estado - Impuesto sobre Utilidades","440.0004","liability_current","False","Rango oficial: 440 a 449. Representan los importes pendientes de aportar directamente al Presupuesto del Estado, de acuerdo con las regulaciones financieras vigentes. Comprenden, entre otros, obligaciones por impuestos, tasas y contribuciones. Se analiza por subcuentas de uso obligatorio correspondiéndose con la sección del Clasificador de Recursos Financieros. Se acreditan por los importes pendientes de aportar al Presupuesto del Estado y se debitan por el pago de las obligaciones contraídas."
"account_440_0005","Obligaciones con el Presupuesto del Estado - Impuesto sobre Ingresos Personales","440.0005","liability_current","False","Rango oficial: 440 a 449. Representan los importes pendientes de aportar directamente al Presupuesto del Estado, de acuerdo con las regulaciones financieras vigentes. Comprenden, entre otros, obligaciones por impuestos, tasas y contribuciones. Se analiza por subcuentas de uso obligatorio correspondiéndose con la sección del Clasificador de Recursos Financieros. Se acreditan por los importes pendientes de aportar al Presupuesto del Estado y se debitan por el pago de las obligaciones contraídas."
"account_440_0006","Obligaciones con el Presupuesto del Estado - Impuesto sobre los Recursos","440.0006","liability_current","False","Rango oficial: 440 a 449. Representan los importes pendientes de aportar directamente al Presupuesto del Estado, de acuerdo con las regulaciones financieras vigentes. Comprenden, entre otros, obligaciones por impuestos, tasas y contribuciones. Se analiza por subcuentas de uso obligatorio correspondiéndose con la sección del Clasificador de Recursos Financieros. Se acreditan por los importes pendientes de aportar al Presupuesto del Estado y se debitan por el pago de las obligaciones contraídas."
"account_440_0007","Obligaciones con el Presupuesto del Estado - Otros Impuestos","440.0007","liability_current","False","Rango oficial: 440 a 449. Representan los importes pendientes de aportar directamente al Presupuesto del Estado, de acuerdo con las regulaciones financieras vigentes. Comprenden, entre otros, obligaciones por impuestos, tasas y contribuciones. Se analiza por subcuentas de uso obligatorio correspondiéndose con la sección del Clasificador de Recursos Financieros. Se acreditan por los importes pendientes de aportar al Presupuesto del Estado y se debitan por el pago de las obligaciones contraídas."
"account_440_0008","Obligaciones con el Presupuesto del Estado - Contribuciones","440.0008","liability_current","False","Rango oficial: 440 a 449. Representan los importes pendientes de aportar directamente al Presupuesto del Estado, de acuerdo con las regulaciones financieras vigentes. Comprenden, entre otros, obligaciones por impuestos, tasas y contribuciones. Se analiza por subcuentas de uso obligatorio correspondiéndose con la sección del Clasificador de Recursos Financieros. Se acreditan por los importes pendientes de aportar al Presupuesto del Estado y se debitan por el pago de las obligaciones contraídas."
"account_440_0009","Obligaciones con el Presupuesto del Estado - Tasas","440.0009","liability_current","False","Rango oficial: 440 a 449. Representan los importes pendientes de aportar directamente al Presupuesto del Estado, de acuerdo con las regulaciones financieras vigentes. Comprenden, entre otros, obligaciones por impuestos, tasas y contribuciones. Se analiza por subcuentas de uso obligatorio correspondiéndose con la sección del Clasificador de Recursos Financieros. Se acreditan por los importes pendientes de aportar al Presupuesto del Estado y se debitan por el pago de las obligaciones contraídas."
"account_440_0010","Obligaciones con el Presupuesto del Estado - Ingresos No tributarios","440.0010","liability_current","False","Rango oficial: 440 a 449. Representan los importes pendientes de aportar directamente al Presupuesto del Estado, de acuerdo con las regulaciones financieras vigentes. Comprenden, entre otros, obligaciones por impuestos, tasas y contribuciones. Se analiza por subcuentas de uso obligatorio correspondiéndose con la sección del Clasificador de Recursos Financieros. Se acreditan por los importes pendientes de aportar al Presupuesto del Estado y se debitan por el pago de las obligaciones contraídas."
"account_440_0011","Obligaciones con el Presupuesto del Estado - Rentas de la Propiedad","440.0011","liability_current","False","Rango oficial: 440 a 449. Representan los importes pendientes de aportar directamente al Presupuesto del Estado, de acuerdo con las regulaciones financieras vigentes. Comprenden, entre otros, obligaciones por impuestos, tasas y contribuciones. Se analiza por subcuentas de uso obligatorio correspondiéndose con la sección del Clasificador de Recursos Financieros. Se acreditan por los importes pendientes de aportar al Presupuesto del Estado y se debitan por el pago de las obligaciones contraídas."
"account_440_0012","Obligaciones con el Presupuesto del Estado - Transferencias Corrientes","440.0012","liability_current","False","Rango oficial: 440 a 449. Representan los importes pendientes de aportar directamente al Presupuesto del Estado, de acuerdo con las regulaciones financieras vigentes. Comprenden, entre otros, obligaciones por impuestos, tasas y contribuciones. Se analiza por subcuentas de uso obligatorio correspondiéndose con la sección del Clasificador de Recursos Financieros. Se acreditan por los importes pendientes de aportar al Presupuesto del Estado y se debitan por el pago de las obligaciones contraídas."
"account_440_0013","Obligaciones con el Presupuesto del Estado - Ingresos de Operaciones","440.0013","liability_current","False","Rango oficial: 440 a 449. Representan los importes pendientes de aportar directamente al Presupuesto del Estado, de acuerdo con las regulaciones financieras vigentes. Comprenden, entre otros, obligaciones por impuestos, tasas y contribuciones. Se analiza por subcuentas de uso obligatorio correspondiéndose con la sección del Clasificador de Recursos Financieros. Se acreditan por los importes pendientes de aportar al Presupuesto del Estado y se debitan por el pago de las obligaciones contraídas."
"account_440_0014","Obligaciones con el Presupuesto del Estado - Recursos Propios de Capital","440.0014","liability_current","False","Rango oficial: 440 a 449. Representan los importes pendientes de aportar directamente al Presupuesto del Estado, de acuerdo con las regulaciones financieras vigentes. Comprenden, entre otros, obligaciones por impuestos, tasas y contribuciones. Se analiza por subcuentas de uso obligatorio correspondiéndose con la sección del Clasificador de Recursos Financieros. Se acreditan por los importes pendientes de aportar al Presupuesto del Estado y se debitan por el pago de las obligaciones contraídas."
"account_440_0015","Obligaciones con el Presupuesto del Estado - Transferencias de Capital","440.0015","liability_current","False","Rango oficial: 440 a 449. Representan los importes pendientes de aportar directamente al Presupuesto del Estado, de acuerdo con las regulaciones financieras vigentes. Comprenden, entre otros, obligaciones por impuestos, tasas y contribuciones. Se analiza por subcuentas de uso obligatorio correspondiéndose con la sección del Clasificador de Recursos Financieros. Se acreditan por los importes pendientes de aportar al Presupuesto del Estado y se debitan por el pago de las obligaciones contraídas."
"account_440_0016","Obligaciones con el Presupuesto del Estado - Otros Recursos Financieros","440.0016","liability_current","False","Rango oficial: 440 a 449. Representan los importes pendientes de aportar directamente al Presupuesto del Estado, de acuerdo con las regulaciones financieras vigentes. Comprenden, entre otros, obligaciones por impuestos, tasas y contribuciones. Se analiza por subcuentas de uso obligatorio correspondiéndose con la sección del Clasificador de Recursos Financieros. Se acreditan por los importes pendientes de aportar al Presupuesto del Estado y se debitan por el pago de las obligaciones contraídas."
"account_450","Obligaciones con el Órgano u Organismo","450","liability_current","False","Rango oficial: 450 a 453. Representan los importes pendientes de transferir directamente a los órganos, organismos o uniones, a los que se subordina la entidad, de acuerdo a las regulaciones financieras vigentes. Comprenden al final del período contable, los importes pendientes de transferir por concepto de utilidades por las unidades, en los casos en que se liquiden las utilidades centralizadamente. Se acreditan por los importes pendientes de transferir y se debitan por las transferencias efectuadas."
"account_455","Nóminas por Pagar","455","liability_current","True","Rango oficial: 455 a 459. Comprenden los importes que se acumulan a pagar a los trabajadores por los diferentes conceptos de salarios, vacaciones y estipendios autorizados a pagar, por los subsidios de seguridad social a corto plazo, en los casos de los que están acogidos a los beneficios de la misma, y por los salarios no reclamados. Se acreditan por las acumulaciones de las nóminas a pagar y se debitan por el pago de estas y por los salarios no reclamados."
"account_460","Retenciones por Pagar","460","liability_current","True","Rango oficial: 460 a 469. Se registran en estas cuentas los importes de las retenciones efectuadas a partir de los salarios a los trabajadores, en virtud de las disposiciones legales establecidas. Comprenden entre otras: Pensiones alimenticias, pagos por la vivienda, créditos personales otorgados por el Banco, embargos judiciales. Se acreditan por las retenciones efectuadas y se debitan por el pago a las entidades o beneficiarios de las mismas."
"account_470","Préstamos Recibidos y Otras Operaciones Crediticias por Pagar","470","liability_current","True","Rango oficial: 470 a 479. Comprenden los importes de los préstamos obtenidos, que recibe la entidad. Incluye las obligaciones contraídas por pignoraciones de inventarios o factoraje de cuentas por cobrar, préstamos de la Reserva Estatal y otras operaciones por pagar según la legislación financiera vigente. Debe analizarse por clientes y por contrato. Se acreditan por los préstamos recibidos y se debitan por las liquidaciones totales o parciales de los préstamos."
"account_480","Gastos Acumulados por Pagar","480","liability_current","True","Rango oficial: 480 a 489. Comprenden, al final del período los gastos incurridos que se encuentran en proceso de pago e incluyen conceptos tales como: Rentas, intereses, igualas, comisiones de ventas o cobros, fletes, almacenaje, primas de seguros, servicio de energía, teléfono, gas, agua, etc. Se acreditan por la acumulación real o estimada razonablemente de los gastos incurridos en el período, pendientes de pago y se debitan por los pagos y ajustes por gastos acumulados por pagar en exceso efectuados."
"account_492","Provisión para Vacaciones","492","liability_current","False","Codigo oficial: 492. Comprende los importes acumulados sobre los diferentes conceptos de salarios devengados por los trabajadores, para el pago de las vacaciones, de acuerdo con las disposiciones vigentes. Se acreditan por la acumulación de vacaciones y se debitan por los importes pagados al disfrutarse estas por los trabajadores."
"account_493","Otras Provisiones Operacionales","493","liability_current","False","Rango oficial: 493 a 499. Incluyen los importes que se acumulan con destinos específicos, a partir de las fuentes de gastos autorizadas por las disposiciones financieras vigentes. Debe analizarse por tipos de provisiones y monedas. Comprenden entre otros, conceptos tales como: Provisiones técnicas de la actividad del Seguro consideradas a corto plazo, la provisión para innovaciones y racionalizaciones, etc. Se acreditan por los importes reservados y se debitan por los correspondientes a la utilización de estos."
"account_500","Provisión para Pagos de los Subsidios de Seguridad Social a Corto Plazo","500","liability_current","False","Codigo oficial: 500. En esta cuenta se registra la acumulación de los importes destinados a financiar los pagos de los subsidios de la seguridad social a corto plazo que la Ley del Presupuesto anual deja a disposición de las entidades. Se acreditan por los importes reservados y se debitan por los correspondientes al momento de pagar los subsidios de la seguridad social."
"account_501","Fondo de Compensación para Desbalances Financieros (uso exclusivo de la OSDE)","501","liability_current","False","Codigo oficial: 501. Esta cuenta representa el aporte de las empresas a la Organización Superior de Dirección Empresarial, para cubrir desbalances financieros. Se acreditan al recibir el aporte de las empresas y se debitan por la asignación de recursos a empresas para cubrir desbalances financieros cuando no existe obligación de devolución."
"account_510_0010","Efectos por Pagar a Largo Plazo - Dentro del Órgano u Organismo","510.0010","liability_non_current","True","Rango oficial: 510 a 514. Se registran en estas cuentas los documentos de crédito emitidos por las entidades, comprometiéndose al pago de obligaciones de carácter mercantil, cuyos términos de vencimiento excedan al año. Debe analizarse por acreedores. Se acreditan por las obligaciones contraídas formalizadas por documentos de créditos girados en períodos que excedan un año y se debitan por los pagos efectuados o la emisión de nuevos documentos a pagar, con vencimientos más aplazados, que sustituyen efectos girados anteriormente. Esta cuenta se analiza por las subcuentas de uso obligatorio definidas en el nomenclador de cuentas."
"account_510_0020","Efectos por Pagar a Largo Plazo - Fuera del Órgano u Organismo","510.0020","liability_non_current","True","Rango oficial: 510 a 514. Se registran en estas cuentas los documentos de crédito emitidos por las entidades, comprometiéndose al pago de obligaciones de carácter mercantil, cuyos términos de vencimiento excedan al año. Debe analizarse por acreedores. Se acreditan por las obligaciones contraídas formalizadas por documentos de créditos girados en períodos que excedan un año y se debitan por los pagos efectuados o la emisión de nuevos documentos a pagar, con vencimientos más aplazados, que sustituyen efectos girados anteriormente. Esta cuenta se analiza por las subcuentas de uso obligatorio definidas en el nomenclador de cuentas."
"account_510_0030","Efectos por Pagar a Largo Plazo - En el Extranjero","510.0030","liability_non_current","True","Rango oficial: 510 a 514. Se registran en estas cuentas los documentos de crédito emitidos por las entidades, comprometiéndose al pago de obligaciones de carácter mercantil, cuyos términos de vencimiento excedan al año. Debe analizarse por acreedores. Se acreditan por las obligaciones contraídas formalizadas por documentos de créditos girados en períodos que excedan un año y se debitan por los pagos efectuados o la emisión de nuevos documentos a pagar, con vencimientos más aplazados, que sustituyen efectos girados anteriormente. Esta cuenta se analiza por las subcuentas de uso obligatorio definidas en el nomenclador de cuentas."
"account_510_0040","Efectos por Pagar a Largo Plazo - Dentro del Grupo Empresarial","510.0040","liability_non_current","True","Rango oficial: 510 a 514. Se registran en estas cuentas los documentos de crédito emitidos por las entidades, comprometiéndose al pago de obligaciones de carácter mercantil, cuyos términos de vencimiento excedan al año. Debe analizarse por acreedores. Se acreditan por las obligaciones contraídas formalizadas por documentos de créditos girados en períodos que excedan un año y se debitan por los pagos efectuados o la emisión de nuevos documentos a pagar, con vencimientos más aplazados, que sustituyen efectos girados anteriormente. Esta cuenta se analiza por las subcuentas de uso obligatorio definidas en el nomenclador de cuentas."
"account_510_0050","Efectos por Pagar a Largo Plazo - Sector Cooperativo","510.0050","liability_non_current","True","Rango oficial: 510 a 514. Se registran en estas cuentas los documentos de crédito emitidos por las entidades, comprometiéndose al pago de obligaciones de carácter mercantil, cuyos términos de vencimiento excedan al año. Debe analizarse por acreedores. Se acreditan por las obligaciones contraídas formalizadas por documentos de créditos girados en períodos que excedan un año y se debitan por los pagos efectuados o la emisión de nuevos documentos a pagar, con vencimientos más aplazados, que sustituyen efectos girados anteriormente. Esta cuenta se analiza por las subcuentas de uso obligatorio definidas en el nomenclador de cuentas."
"account_510_0060","Efectos por Pagar a Largo Plazo - Personas Naturales","510.0060","liability_non_current","True","Rango oficial: 510 a 514. Se registran en estas cuentas los documentos de crédito emitidos por las entidades, comprometiéndose al pago de obligaciones de carácter mercantil, cuyos términos de vencimiento excedan al año. Debe analizarse por acreedores. Se acreditan por las obligaciones contraídas formalizadas por documentos de créditos girados en períodos que excedan un año y se debitan por los pagos efectuados o la emisión de nuevos documentos a pagar, con vencimientos más aplazados, que sustituyen efectos girados anteriormente. Esta cuenta se analiza por las subcuentas de uso obligatorio definidas en el nomenclador de cuentas."
"account_515_0010","Cuentas por Pagar a Largo Plazo - Dentro del Órgano u Organismo","515.0010","liability_payable","True","Rango oficial: 515 a 518. Se registran en estas cuentas los documentos de crédito emitidos por las entidades, comprometiéndose al pago de obligaciones de carácter mercantil, cuyos términos de vencimiento excedan al año. Debe analizarse por subcuentas de uso obligatorio y por acreedores. Se acreditan por las obligaciones contraídas formalizadas por facturas recibidas a pagar en períodos que excedan un año y se debitan por los pagos efectuados o la emisión de nuevos documentos a pagar, con vencimientos más aplazados."
"account_515_0020","Cuentas por Pagar a Largo Plazo - Fuera del Órgano u Organismo","515.0020","liability_payable","True","Rango oficial: 515 a 518. Se registran en estas cuentas los documentos de crédito emitidos por las entidades, comprometiéndose al pago de obligaciones de carácter mercantil, cuyos términos de vencimiento excedan al año. Debe analizarse por subcuentas de uso obligatorio y por acreedores. Se acreditan por las obligaciones contraídas formalizadas por facturas recibidas a pagar en períodos que excedan un año y se debitan por los pagos efectuados o la emisión de nuevos documentos a pagar, con vencimientos más aplazados."
"account_515_0030","Cuentas por Pagar a Largo Plazo - En el Extranjero","515.0030","liability_payable","True","Rango oficial: 515 a 518. Se registran en estas cuentas los documentos de crédito emitidos por las entidades, comprometiéndose al pago de obligaciones de carácter mercantil, cuyos términos de vencimiento excedan al año. Debe analizarse por subcuentas de uso obligatorio y por acreedores. Se acreditan por las obligaciones contraídas formalizadas por facturas recibidas a pagar en períodos que excedan un año y se debitan por los pagos efectuados o la emisión de nuevos documentos a pagar, con vencimientos más aplazados."
"account_515_0040","Cuentas por Pagar a Largo Plazo - Dentro del Grupo Empresarial","515.0040","liability_payable","True","Rango oficial: 515 a 518. Se registran en estas cuentas los documentos de crédito emitidos por las entidades, comprometiéndose al pago de obligaciones de carácter mercantil, cuyos términos de vencimiento excedan al año. Debe analizarse por subcuentas de uso obligatorio y por acreedores. Se acreditan por las obligaciones contraídas formalizadas por facturas recibidas a pagar en períodos que excedan un año y se debitan por los pagos efectuados o la emisión de nuevos documentos a pagar, con vencimientos más aplazados."
"account_515_0050","Cuentas por Pagar a Largo Plazo - Sector Cooperativo","515.0050","liability_payable","True","Rango oficial: 515 a 518. Se registran en estas cuentas los documentos de crédito emitidos por las entidades, comprometiéndose al pago de obligaciones de carácter mercantil, cuyos términos de vencimiento excedan al año. Debe analizarse por subcuentas de uso obligatorio y por acreedores. Se acreditan por las obligaciones contraídas formalizadas por facturas recibidas a pagar en períodos que excedan un año y se debitan por los pagos efectuados o la emisión de nuevos documentos a pagar, con vencimientos más aplazados."
"account_515_0060","Cuentas por Pagar a Largo Plazo - Personas Naturales","515.0060","liability_payable","True","Rango oficial: 515 a 518. Se registran en estas cuentas los documentos de crédito emitidos por las entidades, comprometiéndose al pago de obligaciones de carácter mercantil, cuyos términos de vencimiento excedan al año. Debe analizarse por subcuentas de uso obligatorio y por acreedores. Se acreditan por las obligaciones contraídas formalizadas por facturas recibidas a pagar en períodos que excedan un año y se debitan por los pagos efectuados o la emisión de nuevos documentos a pagar, con vencimientos más aplazados."
"account_520","Préstamos Recibidos por Pagar a Largo Plazo","520","liability_non_current","True","Rango oficial: 520 a 524. Se registran en estas cuentas los préstamos recibidos por las entidades, comprometiéndose al pago de obligaciones de carácter mercantil, cuyos términos de vencimiento excedan al año. Debe analizarse por subcuentas de uso obligatorio y por acreedores. Se acreditan por las partidas a pagar en períodos que excedan un año y se debitan por los pagos efectuados o la emisión de nuevos documentos a pagar, con vencimientos más aplazados. Al cierre del año se reclasifican al corto plazo la parte que corresponda."
"account_525_0010","Obligaciones a Largo Plazo - Dentro del Órgano u Organismo","525.0010","liability_non_current","False","Rango oficial: 525 a 532. Comprenden los compromisos de pagos adquiridos por la entidad con la finalidad de incrementar sus recursos operacionales, capital de trabajo o de saldar otra deuda con vencimiento más reciente, cuando no sea conveniente el incremento de aportaciones de Patrimonio. Debe analizarse por subcuentas de uso obligatorio y por acreedores. Se acreditan por las obligaciones contraídas con vencimiento superior al año, por conceptos tales como: Convenios de pagos por obligaciones con el presupuesto, préstamos adquiridos, provisiones técnicas del seguro a largo plazo, hipotecas suscritas, etc., y se debitan por los pagos o liquidaciones efectuados. Al cierre del año se reclasifican al corto plazo la parte que corresponda."
"account_525_0020","Obligaciones a Largo Plazo - Fuera del Órgano u Organismo","525.0020","liability_non_current","False","Rango oficial: 525 a 532. Comprenden los compromisos de pagos adquiridos por la entidad con la finalidad de incrementar sus recursos operacionales, capital de trabajo o de saldar otra deuda con vencimiento más reciente, cuando no sea conveniente el incremento de aportaciones de Patrimonio. Debe analizarse por subcuentas de uso obligatorio y por acreedores. Se acreditan por las obligaciones contraídas con vencimiento superior al año, por conceptos tales como: Convenios de pagos por obligaciones con el presupuesto, préstamos adquiridos, provisiones técnicas del seguro a largo plazo, hipotecas suscritas, etc., y se debitan por los pagos o liquidaciones efectuados. Al cierre del año se reclasifican al corto plazo la parte que corresponda."
"account_525_0030","Obligaciones a Largo Plazo - En el Extranjero","525.0030","liability_non_current","False","Rango oficial: 525 a 532. Comprenden los compromisos de pagos adquiridos por la entidad con la finalidad de incrementar sus recursos operacionales, capital de trabajo o de saldar otra deuda con vencimiento más reciente, cuando no sea conveniente el incremento de aportaciones de Patrimonio. Debe analizarse por subcuentas de uso obligatorio y por acreedores. Se acreditan por las obligaciones contraídas con vencimiento superior al año, por conceptos tales como: Convenios de pagos por obligaciones con el presupuesto, préstamos adquiridos, provisiones técnicas del seguro a largo plazo, hipotecas suscritas, etc., y se debitan por los pagos o liquidaciones efectuados. Al cierre del año se reclasifican al corto plazo la parte que corresponda."
"account_525_0040","Obligaciones a Largo Plazo - Dentro del Grupo Empresarial","525.0040","liability_non_current","False","Rango oficial: 525 a 532. Comprenden los compromisos de pagos adquiridos por la entidad con la finalidad de incrementar sus recursos operacionales, capital de trabajo o de saldar otra deuda con vencimiento más reciente, cuando no sea conveniente el incremento de aportaciones de Patrimonio. Debe analizarse por subcuentas de uso obligatorio y por acreedores. Se acreditan por las obligaciones contraídas con vencimiento superior al año, por conceptos tales como: Convenios de pagos por obligaciones con el presupuesto, préstamos adquiridos, provisiones técnicas del seguro a largo plazo, hipotecas suscritas, etc., y se debitan por los pagos o liquidaciones efectuados. Al cierre del año se reclasifican al corto plazo la parte que corresponda."
"account_525_0050","Obligaciones a Largo Plazo - Sector Cooperativo","525.0050","liability_non_current","False","Rango oficial: 525 a 532. Comprenden los compromisos de pagos adquiridos por la entidad con la finalidad de incrementar sus recursos operacionales, capital de trabajo o de saldar otra deuda con vencimiento más reciente, cuando no sea conveniente el incremento de aportaciones de Patrimonio. Debe analizarse por subcuentas de uso obligatorio y por acreedores. Se acreditan por las obligaciones contraídas con vencimiento superior al año, por conceptos tales como: Convenios de pagos por obligaciones con el presupuesto, préstamos adquiridos, provisiones técnicas del seguro a largo plazo, hipotecas suscritas, etc., y se debitan por los pagos o liquidaciones efectuados. Al cierre del año se reclasifican al corto plazo la parte que corresponda."
"account_525_0060","Obligaciones a Largo Plazo - Personas Naturales","525.0060","liability_non_current","False","Rango oficial: 525 a 532. Comprenden los compromisos de pagos adquiridos por la entidad con la finalidad de incrementar sus recursos operacionales, capital de trabajo o de saldar otra deuda con vencimiento más reciente, cuando no sea conveniente el incremento de aportaciones de Patrimonio. Debe analizarse por subcuentas de uso obligatorio y por acreedores. Se acreditan por las obligaciones contraídas con vencimiento superior al año, por conceptos tales como: Convenios de pagos por obligaciones con el presupuesto, préstamos adquiridos, provisiones técnicas del seguro a largo plazo, hipotecas suscritas, etc., y se debitan por los pagos o liquidaciones efectuados. Al cierre del año se reclasifican al corto plazo la parte que corresponda."
"account_533","Otras Provisiones a Largo Plazo","533","liability_non_current","False","Rango oficial: 533 a 539. Comprenden los compromisos de pagos adquiridos por la entidad con la finalidad de incrementar sus recursos a largo plazo, cuando no sea conveniente el incremento de aportaciones de Patrimonio. Se acreditan por la creación de obligaciones contraídas con vencimiento superior al año, por conceptos tales como: Provisiones técnicas o matemáticas del seguro a largo plazo, etc., y se debitan por la liberación de estas obligaciones o por los pagos o liquidaciones efectuados."
"account_540","Bonos por Pagar","540","liability_non_current","True","Codigo oficial: 540. Comprende el importe de los Bonos por pagar al vencimiento. Se acreditan por la emisión de los Bonos y se debitan por los Bonos liquidados al momento de su vencimiento, o por los Bonos Redimidos."
"account_541","Bonos Suscritos","541","liability_non_current","False","Codigo oficial: 541. Comprende el importe de los Bonos cuyos importes no se han liquidado totalmente. Se acreditan al suscribirse la venta de Bonos con pago aplazado y se debitan al entregarse los bonos suscritos totalmente pagados."
"account_545","Ingresos Diferidos","545","liability_non_current","False","Rango oficial: 545 a 548. En estas cuentas se registran los ingresos recibidos con anterioridad al cumplimiento total de las transacciones que les dan origen, difiriéndose para determinar correctamente los resultados correspondientes al período actual y al futuro. Incluyen entre otros, conceptos tales como: Cobros adelantados de intereses y de alquileres por arrendamiento de activos fijos, primas por bonos adquiridos, anticipos de dividendos y utilidades diferidas por ventas a plazos, puede considerarse los financiamientos recibidos de las empresas en las OSDE de forma anticipada, así como las subvenciones de gastos corrientes que se reciben de forma anticipada. Se acreditan por los ingresos recibidos anticipadamente y se debitan en las fechas en las que corresponde su ejecución, generalmente contra Ingresos Financieros."
"account_549","Ingresos Diferidos por Donaciones Recibidas","549","liability_non_current","False","Codigo oficial: 549. En esta cuenta se registra los ingresos por donaciones recibidas con anterioridad al cumplimiento total de las transacciones que les dan origen, difiriéndose para determinar correctamente los resultados correspondientes al período actual y al futuro. Se acreditan por los ingresos por donaciones recibidos anticipadamente y se debitan en las fechas en las que corresponde su ejecución, generalmente contra Ingresos por Donaciones."
"account_555","Sobrantes en Investigación","555","liability_current","False","Rango oficial: 555 a 564. Incluyen durante el período de investigación los sobrantes de Activos Fijos Tangibles, Inventarios, medios monetarios y bienes del proceso inversionista (equipos y materiales), detectados en conteos físicos o en otras comprobaciones. Se acreditan por los sobrantes detectados, al tenerse conocimiento de los mismos y se debitan después de efectuar las investigaciones y recibirse las aprobaciones que correspondan."
"account_565_0010","Cuentas por Pagar Diversas - Dentro del Órgano u Organismo","565.0010","liability_payable","True","Rango oficial: 565 a 568. Comprenden los importes pendientes de pago por concepto de: Reclamaciones aceptadas, salarios no reclamados que se encuentran dentro del término establecido para su liquidación, indemnizaciones aceptadas a los clientes, arriendo de activos fijos a otras entidades y compra de activos fijos para desmantelar, operaciones de consignación de mercancías, entre otros. Se analiza por subcuentas de uso obligatorio y por acreedores. Se acreditan por las obligaciones contraídas por los conceptos enunciados y se debitan por los pagos efectuados a los clientes y acreedores o por los Aportes al Presupuesto del Estado por los salarios no reclamados cuyo plazo de liquidación haya decursado, de acuerdo con las disposiciones financieras vigentes."
"account_565_0020","Cuentas por Pagar Diversas - Fuera del Órgano u Organismo","565.0020","liability_payable","True","Rango oficial: 565 a 568. Comprenden los importes pendientes de pago por concepto de: Reclamaciones aceptadas, salarios no reclamados que se encuentran dentro del término establecido para su liquidación, indemnizaciones aceptadas a los clientes, arriendo de activos fijos a otras entidades y compra de activos fijos para desmantelar, operaciones de consignación de mercancías, entre otros. Se analiza por subcuentas de uso obligatorio y por acreedores. Se acreditan por las obligaciones contraídas por los conceptos enunciados y se debitan por los pagos efectuados a los clientes y acreedores o por los Aportes al Presupuesto del Estado por los salarios no reclamados cuyo plazo de liquidación haya decursado, de acuerdo con las disposiciones financieras vigentes."
"account_565_0030","Cuentas por Pagar Diversas - En el Extranjero","565.0030","liability_payable","True","Rango oficial: 565 a 568. Comprenden los importes pendientes de pago por concepto de: Reclamaciones aceptadas, salarios no reclamados que se encuentran dentro del término establecido para su liquidación, indemnizaciones aceptadas a los clientes, arriendo de activos fijos a otras entidades y compra de activos fijos para desmantelar, operaciones de consignación de mercancías, entre otros. Se analiza por subcuentas de uso obligatorio y por acreedores. Se acreditan por las obligaciones contraídas por los conceptos enunciados y se debitan por los pagos efectuados a los clientes y acreedores o por los Aportes al Presupuesto del Estado por los salarios no reclamados cuyo plazo de liquidación haya decursado, de acuerdo con las disposiciones financieras vigentes."
"account_565_0040","Cuentas por Pagar Diversas - Dentro del Grupo Empresarial","565.0040","liability_payable","True","Rango oficial: 565 a 568. Comprenden los importes pendientes de pago por concepto de: Reclamaciones aceptadas, salarios no reclamados que se encuentran dentro del término establecido para su liquidación, indemnizaciones aceptadas a los clientes, arriendo de activos fijos a otras entidades y compra de activos fijos para desmantelar, operaciones de consignación de mercancías, entre otros. Se analiza por subcuentas de uso obligatorio y por acreedores. Se acreditan por las obligaciones contraídas por los conceptos enunciados y se debitan por los pagos efectuados a los clientes y acreedores o por los Aportes al Presupuesto del Estado por los salarios no reclamados cuyo plazo de liquidación haya decursado, de acuerdo con las disposiciones financieras vigentes."
"account_565_0050","Cuentas por Pagar Diversas - Sector Cooperativo","565.0050","liability_payable","True","Rango oficial: 565 a 568. Comprenden los importes pendientes de pago por concepto de: Reclamaciones aceptadas, salarios no reclamados que se encuentran dentro del término establecido para su liquidación, indemnizaciones aceptadas a los clientes, arriendo de activos fijos a otras entidades y compra de activos fijos para desmantelar, operaciones de consignación de mercancías, entre otros. Se analiza por subcuentas de uso obligatorio y por acreedores. Se acreditan por las obligaciones contraídas por los conceptos enunciados y se debitan por los pagos efectuados a los clientes y acreedores o por los Aportes al Presupuesto del Estado por los salarios no reclamados cuyo plazo de liquidación haya decursado, de acuerdo con las disposiciones financieras vigentes."
"account_565_0060","Cuentas por Pagar Diversas - Personas Naturales","565.0060","liability_payable","True","Rango oficial: 565 a 568. Comprenden los importes pendientes de pago por concepto de: Reclamaciones aceptadas, salarios no reclamados que se encuentran dentro del término establecido para su liquidación, indemnizaciones aceptadas a los clientes, arriendo de activos fijos a otras entidades y compra de activos fijos para desmantelar, operaciones de consignación de mercancías, entre otros. Se analiza por subcuentas de uso obligatorio y por acreedores. Se acreditan por las obligaciones contraídas por los conceptos enunciados y se debitan por los pagos efectuados a los clientes y acreedores o por los Aportes al Presupuesto del Estado por los salarios no reclamados cuyo plazo de liquidación haya decursado, de acuerdo con las disposiciones financieras vigentes."
"account_565_0070","Cuentas por Pagar Diversas - A trabajadores","565.0070","liability_payable","True","Rango oficial: 565 a 568. Comprenden los importes pendientes de pago por concepto de: Reclamaciones aceptadas, salarios no reclamados que se encuentran dentro del término establecido para su liquidación, indemnizaciones aceptadas a los clientes, arriendo de activos fijos a otras entidades y compra de activos fijos para desmantelar, operaciones de consignación de mercancías, entre otros. Se analiza por subcuentas de uso obligatorio y por acreedores. Se acreditan por las obligaciones contraídas por los conceptos enunciados y se debitan por los pagos efectuados a los clientes y acreedores o por los Aportes al Presupuesto del Estado por los salarios no reclamados cuyo plazo de liquidación haya decursado, de acuerdo con las disposiciones financieras vigentes."
"account_565_0999","Cuentas por Pagar Diversas - Otros","565.0999","liability_payable","True","Rango oficial: 565 a 568. Comprenden los importes pendientes de pago por concepto de: Reclamaciones aceptadas, salarios no reclamados que se encuentran dentro del término establecido para su liquidación, indemnizaciones aceptadas a los clientes, arriendo de activos fijos a otras entidades y compra de activos fijos para desmantelar, operaciones de consignación de mercancías, entre otros. Se analiza por subcuentas de uso obligatorio y por acreedores. Se acreditan por las obligaciones contraídas por los conceptos enunciados y se debitan por los pagos efectuados a los clientes y acreedores o por los Aportes al Presupuesto del Estado por los salarios no reclamados cuyo plazo de liquidación haya decursado, de acuerdo con las disposiciones financieras vigentes."
"account_569","Cuentas por Pagar - Compra de Monedas","569","liability_payable","True","Codigo oficial: 569. Se registra en esta cuenta el importe pendiente de pago de las operaciones relacionadas con la compra-venta de monedas. Se acredita por los importes pendientes de pagar y se debita al emitir el instrumento de pago (transferencias, cheques, etc.), por el monto que representa el compromiso contraído."
"account_570","Ingresos de Períodos Futuros","570","liability_current","False","Rango oficial: 570 a 574. Se registran en estas cuentas los derechos de las entidades al cobro de transacciones que se efectuarán en períodos posteriores. Se acreditan por el derecho al cobro de conceptos tales como: Sanciones administrativas y adeudos por daños y perjuicios, entre otros y se debitan por los importes que se cobren y que se incluyen como ingresos del período en que se materializan, bien sean parciales o totales o al fijarse la obligación de su aporte al Presupuesto del Estado, cuando no proceda su tratamiento como ingresos de la entidad."
"account_575","Obligación con el Presupuesto del Estado por Garantía Activada","575","liability_current","False","Codigo oficial: 575. En esta cuenta se registra la obligación de pago que adquiere la entidad por la garantía presupuestaria activada. Se acredita por la garantía activada y se debita por la amortización al Presupuesto del Estado."
"account_700_0010","Producción en Proceso - Saldo al Inicio del Año","700.0010","expense","False","Rango oficial: 700 a 724. Comprenden los importes de los gastos que se incluyen directamente en el costo de las producciones elaboradas y de los servicios prestados que ejecuta la entidad, tanto como actividades principales, auxiliares o con destino al insumo, incluyendo la actividad agrícola; así como los gastos de cría, desarrollo y ceba de los animales en desarrollo. En el caso de las producciones cuyos ciclos productivos sean inferiores al mes, se debitan a estas cuentas los gastos de los servicios auxiliares y los indirectos de producción, aplicándose al último centro de costo productivo, de optarse por este método o al costo de las producciones ejecutadas. El desglose de los gastos de producción debe efectuarse de acuerdo con los elementos establecidos en los Sistemas de Costo de cada entidad. Se acreditan por los costos reales de los servicios prestados y de las producciones terminadas que se almacenan o que se entregan sin almacenamiento previo o por los traslados a una cuenta de Inventario de las producciones para insumo, de optarse por este método de registro, devoluciones de insumo a los almacenes. También se acreditan por los costos reales de las producciones con destino al insumo, al insumirse estas en las producciones fundamentales o actividades de apoyo, cuando no se decide registrarlas previamente en cuentas de Inventario. Durante el mes pueden registrarse las salidas o entregas de producciones o servicios valorándose a los costos planificados o precios fijos de registro de estas, siempre que al final de dicho período se ajusten a los costos reales. El saldo de estas cuentas al final de cada período, debe mostrarse en el Estado de Situación como parte del Activo Circulante, por constituirse en ese momento en un inventario final de Producción en Proceso. Esta cuenta se analiza por las subcuentas de uso obligatorio definidas en el nomenclador de cuentas."
"account_700_0020","Producción en Proceso - Gastos del Período","700.0020","expense","False","Rango oficial: 700 a 724. Comprenden los importes de los gastos que se incluyen directamente en el costo de las producciones elaboradas y de los servicios prestados que ejecuta la entidad, tanto como actividades principales, auxiliares o con destino al insumo, incluyendo la actividad agrícola; así como los gastos de cría, desarrollo y ceba de los animales en desarrollo. En el caso de las producciones cuyos ciclos productivos sean inferiores al mes, se debitan a estas cuentas los gastos de los servicios auxiliares y los indirectos de producción, aplicándose al último centro de costo productivo, de optarse por este método o al costo de las producciones ejecutadas. El desglose de los gastos de producción debe efectuarse de acuerdo con los elementos establecidos en los Sistemas de Costo de cada entidad. Se acreditan por los costos reales de los servicios prestados y de las producciones terminadas que se almacenan o que se entregan sin almacenamiento previo o por los traslados a una cuenta de Inventario de las producciones para insumo, de optarse por este método de registro, devoluciones de insumo a los almacenes. También se acreditan por los costos reales de las producciones con destino al insumo, al insumirse estas en las producciones fundamentales o actividades de apoyo, cuando no se decide registrarlas previamente en cuentas de Inventario. Durante el mes pueden registrarse las salidas o entregas de producciones o servicios valorándose a los costos planificados o precios fijos de registro de estas, siempre que al final de dicho período se ajusten a los costos reales. El saldo de estas cuentas al final de cada período, debe mostrarse en el Estado de Situación como parte del Activo Circulante, por constituirse en ese momento en un inventario final de Producción en Proceso. Esta cuenta se analiza por las subcuentas de uso obligatorio definidas en el nomenclador de cuentas."
"account_700_0030","Producción en Proceso - Aumento","700.0030","expense","False","Rango oficial: 700 a 724. Comprenden los importes de los gastos que se incluyen directamente en el costo de las producciones elaboradas y de los servicios prestados que ejecuta la entidad, tanto como actividades principales, auxiliares o con destino al insumo, incluyendo la actividad agrícola; así como los gastos de cría, desarrollo y ceba de los animales en desarrollo. En el caso de las producciones cuyos ciclos productivos sean inferiores al mes, se debitan a estas cuentas los gastos de los servicios auxiliares y los indirectos de producción, aplicándose al último centro de costo productivo, de optarse por este método o al costo de las producciones ejecutadas. El desglose de los gastos de producción debe efectuarse de acuerdo con los elementos establecidos en los Sistemas de Costo de cada entidad. Se acreditan por los costos reales de los servicios prestados y de las producciones terminadas que se almacenan o que se entregan sin almacenamiento previo o por los traslados a una cuenta de Inventario de las producciones para insumo, de optarse por este método de registro, devoluciones de insumo a los almacenes. También se acreditan por los costos reales de las producciones con destino al insumo, al insumirse estas en las producciones fundamentales o actividades de apoyo, cuando no se decide registrarlas previamente en cuentas de Inventario. Durante el mes pueden registrarse las salidas o entregas de producciones o servicios valorándose a los costos planificados o precios fijos de registro de estas, siempre que al final de dicho período se ajusten a los costos reales. El saldo de estas cuentas al final de cada período, debe mostrarse en el Estado de Situación como parte del Activo Circulante, por constituirse en ese momento en un inventario final de Producción en Proceso. Esta cuenta se analiza por las subcuentas de uso obligatorio definidas en el nomenclador de cuentas."
"account_700_0040","Producción en Proceso - Disminución","700.0040","expense","False","Rango oficial: 700 a 724. Comprenden los importes de los gastos que se incluyen directamente en el costo de las producciones elaboradas y de los servicios prestados que ejecuta la entidad, tanto como actividades principales, auxiliares o con destino al insumo, incluyendo la actividad agrícola; así como los gastos de cría, desarrollo y ceba de los animales en desarrollo. En el caso de las producciones cuyos ciclos productivos sean inferiores al mes, se debitan a estas cuentas los gastos de los servicios auxiliares y los indirectos de producción, aplicándose al último centro de costo productivo, de optarse por este método o al costo de las producciones ejecutadas. El desglose de los gastos de producción debe efectuarse de acuerdo con los elementos establecidos en los Sistemas de Costo de cada entidad. Se acreditan por los costos reales de los servicios prestados y de las producciones terminadas que se almacenan o que se entregan sin almacenamiento previo o por los traslados a una cuenta de Inventario de las producciones para insumo, de optarse por este método de registro, devoluciones de insumo a los almacenes. También se acreditan por los costos reales de las producciones con destino al insumo, al insumirse estas en las producciones fundamentales o actividades de apoyo, cuando no se decide registrarlas previamente en cuentas de Inventario. Durante el mes pueden registrarse las salidas o entregas de producciones o servicios valorándose a los costos planificados o precios fijos de registro de estas, siempre que al final de dicho período se ajusten a los costos reales. El saldo de estas cuentas al final de cada período, debe mostrarse en el Estado de Situación como parte del Activo Circulante, por constituirse en ese momento en un inventario final de Producción en Proceso. Esta cuenta se analiza por las subcuentas de uso obligatorio definidas en el nomenclador de cuentas."
"account_700_0050","Producción en Proceso - Traspaso a Producción Terminada","700.0050","expense","False","Rango oficial: 700 a 724. Comprenden los importes de los gastos que se incluyen directamente en el costo de las producciones elaboradas y de los servicios prestados que ejecuta la entidad, tanto como actividades principales, auxiliares o con destino al insumo, incluyendo la actividad agrícola; así como los gastos de cría, desarrollo y ceba de los animales en desarrollo. En el caso de las producciones cuyos ciclos productivos sean inferiores al mes, se debitan a estas cuentas los gastos de los servicios auxiliares y los indirectos de producción, aplicándose al último centro de costo productivo, de optarse por este método o al costo de las producciones ejecutadas. El desglose de los gastos de producción debe efectuarse de acuerdo con los elementos establecidos en los Sistemas de Costo de cada entidad. Se acreditan por los costos reales de los servicios prestados y de las producciones terminadas que se almacenan o que se entregan sin almacenamiento previo o por los traslados a una cuenta de Inventario de las producciones para insumo, de optarse por este método de registro, devoluciones de insumo a los almacenes. También se acreditan por los costos reales de las producciones con destino al insumo, al insumirse estas en las producciones fundamentales o actividades de apoyo, cuando no se decide registrarlas previamente en cuentas de Inventario. Durante el mes pueden registrarse las salidas o entregas de producciones o servicios valorándose a los costos planificados o precios fijos de registro de estas, siempre que al final de dicho período se ajusten a los costos reales. El saldo de estas cuentas al final de cada período, debe mostrarse en el Estado de Situación como parte del Activo Circulante, por constituirse en ese momento en un inventario final de Producción en Proceso. Esta cuenta se analiza por las subcuentas de uso obligatorio definidas en el nomenclador de cuentas."
"account_725_0010","Producción Propia para Insumos - Saldo al Inicio del Año","725.0010","expense","False","Codigo oficial: 725. Comprenden los importes de los gastos que se incluyen directamente en el costo de las producciones propia para insumo. El desglose de los gastos de producción debe efectuarse de acuerdo con los elementos establecidos en los Sistemas de Costo de cada entidad. Se debita por los gastos incurridos y se acredita por los costos reales de las producciones con destino al insumo, al insumirse estas en las producciones fundamentales o actividades de apoyo, cuando no se decide registrarlas previamente en cuentas de Inventario o por el traspaso a la cuenta de Inventario que corresponda. El saldo de estas cuentas al final de cada período, debe mostrarse en el Estado de Situación como parte del Activo Circulante, por constituirse en ese momento en un inventario final de Producción Propia para Insumo. Esta cuenta se analiza por las subcuentas de uso obligatorio definidas en el Nomenclador de Cuentas."
"account_725_0020","Producción Propia para Insumos - Gastos del Período","725.0020","expense","False","Codigo oficial: 725. Comprenden los importes de los gastos que se incluyen directamente en el costo de las producciones propia para insumo. El desglose de los gastos de producción debe efectuarse de acuerdo con los elementos establecidos en los Sistemas de Costo de cada entidad. Se debita por los gastos incurridos y se acredita por los costos reales de las producciones con destino al insumo, al insumirse estas en las producciones fundamentales o actividades de apoyo, cuando no se decide registrarlas previamente en cuentas de Inventario o por el traspaso a la cuenta de Inventario que corresponda. El saldo de estas cuentas al final de cada período, debe mostrarse en el Estado de Situación como parte del Activo Circulante, por constituirse en ese momento en un inventario final de Producción Propia para Insumo. Esta cuenta se analiza por las subcuentas de uso obligatorio definidas en el Nomenclador de Cuentas."
"account_725_0030","Producción Propia para Insumos - Aumento","725.0030","expense","False","Codigo oficial: 725. Comprenden los importes de los gastos que se incluyen directamente en el costo de las producciones propia para insumo. El desglose de los gastos de producción debe efectuarse de acuerdo con los elementos establecidos en los Sistemas de Costo de cada entidad. Se debita por los gastos incurridos y se acredita por los costos reales de las producciones con destino al insumo, al insumirse estas en las producciones fundamentales o actividades de apoyo, cuando no se decide registrarlas previamente en cuentas de Inventario o por el traspaso a la cuenta de Inventario que corresponda. El saldo de estas cuentas al final de cada período, debe mostrarse en el Estado de Situación como parte del Activo Circulante, por constituirse en ese momento en un inventario final de Producción Propia para Insumo. Esta cuenta se analiza por las subcuentas de uso obligatorio definidas en el Nomenclador de Cuentas."
"account_725_0040","Producción Propia para Insumos - Disminución","725.0040","expense","False","Codigo oficial: 725. Comprenden los importes de los gastos que se incluyen directamente en el costo de las producciones propia para insumo. El desglose de los gastos de producción debe efectuarse de acuerdo con los elementos establecidos en los Sistemas de Costo de cada entidad. Se debita por los gastos incurridos y se acredita por los costos reales de las producciones con destino al insumo, al insumirse estas en las producciones fundamentales o actividades de apoyo, cuando no se decide registrarlas previamente en cuentas de Inventario o por el traspaso a la cuenta de Inventario que corresponda. El saldo de estas cuentas al final de cada período, debe mostrarse en el Estado de Situación como parte del Activo Circulante, por constituirse en ese momento en un inventario final de Producción Propia para Insumo. Esta cuenta se analiza por las subcuentas de uso obligatorio definidas en el Nomenclador de Cuentas."
"account_725_0050","Producción Propia para Insumos - Traspaso a Producción en Proceso","725.0050","expense","False","Codigo oficial: 725. Comprenden los importes de los gastos que se incluyen directamente en el costo de las producciones propia para insumo. El desglose de los gastos de producción debe efectuarse de acuerdo con los elementos establecidos en los Sistemas de Costo de cada entidad. Se debita por los gastos incurridos y se acredita por los costos reales de las producciones con destino al insumo, al insumirse estas en las producciones fundamentales o actividades de apoyo, cuando no se decide registrarlas previamente en cuentas de Inventario o por el traspaso a la cuenta de Inventario que corresponda. El saldo de estas cuentas al final de cada período, debe mostrarse en el Estado de Situación como parte del Activo Circulante, por constituirse en ese momento en un inventario final de Producción Propia para Insumo. Esta cuenta se analiza por las subcuentas de uso obligatorio definidas en el Nomenclador de Cuentas."
"account_725_0060","Producción Propia para Insumos - Traspaso a Inventario de Producción Propia para insumo","725.0060","expense","False","Codigo oficial: 725. Comprenden los importes de los gastos que se incluyen directamente en el costo de las producciones propia para insumo. El desglose de los gastos de producción debe efectuarse de acuerdo con los elementos establecidos en los Sistemas de Costo de cada entidad. Se debita por los gastos incurridos y se acredita por los costos reales de las producciones con destino al insumo, al insumirse estas en las producciones fundamentales o actividades de apoyo, cuando no se decide registrarlas previamente en cuentas de Inventario o por el traspaso a la cuenta de Inventario que corresponda. El saldo de estas cuentas al final de cada período, debe mostrarse en el Estado de Situación como parte del Activo Circulante, por constituirse en ese momento en un inventario final de Producción Propia para Insumo. Esta cuenta se analiza por las subcuentas de uso obligatorio definidas en el Nomenclador de Cuentas."
"account_726_0010","Reparaciones Capitales con Medios Propios - Saldo al Inicio del Año","726.0010","expense","False","Codigo oficial: 726. Se registran los gastos en que se incurren en el desarrollo de las Reparaciones Capitales con medios propios. Se analiza por subcuentas obligatorias definidas en el nomenclador de cuentas y debe identificarse si se trata de construcción y montaje y equipos. Se debitan por los gastos incurridos en la ejecución de las reparaciones generales ejecutadas con medios propios. Se acreditan, mensualmente, por el avance físico de estas reparaciones para que se registren como Inversiones en Proceso con el componente que proceda. El desglose de los gastos de producción debe efectuarse de acuerdo con los elementos establecidos en los Sistemas de Costo de cada entidad."
"account_726_0020","Reparaciones Capitales con Medios Propios - Gastos del Período","726.0020","expense","False","Codigo oficial: 726. Se registran los gastos en que se incurren en el desarrollo de las Reparaciones Capitales con medios propios. Se analiza por subcuentas obligatorias definidas en el nomenclador de cuentas y debe identificarse si se trata de construcción y montaje y equipos. Se debitan por los gastos incurridos en la ejecución de las reparaciones generales ejecutadas con medios propios. Se acreditan, mensualmente, por el avance físico de estas reparaciones para que se registren como Inversiones en Proceso con el componente que proceda. El desglose de los gastos de producción debe efectuarse de acuerdo con los elementos establecidos en los Sistemas de Costo de cada entidad."
"account_726_0050","Reparaciones Capitales con Medios Propios - Traspaso a Inversiones en Proceso","726.0050","expense","False","Codigo oficial: 726. Se registran los gastos en que se incurren en el desarrollo de las Reparaciones Capitales con medios propios. Se analiza por subcuentas obligatorias definidas en el nomenclador de cuentas y debe identificarse si se trata de construcción y montaje y equipos. Se debitan por los gastos incurridos en la ejecución de las reparaciones generales ejecutadas con medios propios. Se acreditan, mensualmente, por el avance físico de estas reparaciones para que se registren como Inversiones en Proceso con el componente que proceda. El desglose de los gastos de producción debe efectuarse de acuerdo con los elementos establecidos en los Sistemas de Costo de cada entidad."
"account_727_0010","Inversiones con Medios Propios Activos Fijos Intangibles - Saldo al Inicio del Año","727.0010","expense","False","Codigo oficial: 727. Se registran los gastos en que se incurren en el desarrollo de Inversiones con Medios Propios de Activos Fijos Intangible. Se analiza por subcuentas obligatorias que aparecen en el nomenclador de cuentas y debe identificarse si se trata de construcción y montaje y equipos. Se debitan por los gastos incurridos en la ejecución de las inversiones materiales ejecutadas con medios propios. Se acreditan mensualmente, por el avance físico de estas reparaciones para que se registren como Inversiones en Proceso en el componente que proceda. El desglose de los gastos de producción debe efectuarse de acuerdo con los elementos establecidos en los Sistemas de Costo de cada entidad."
"account_727_0020","Inversiones con Medios Propios Activos Fijos Intangibles - Gastos del Período","727.0020","expense","False","Codigo oficial: 727. Se registran los gastos en que se incurren en el desarrollo de Inversiones con Medios Propios de Activos Fijos Intangible. Se analiza por subcuentas obligatorias que aparecen en el nomenclador de cuentas y debe identificarse si se trata de construcción y montaje y equipos. Se debitan por los gastos incurridos en la ejecución de las inversiones materiales ejecutadas con medios propios. Se acreditan mensualmente, por el avance físico de estas reparaciones para que se registren como Inversiones en Proceso en el componente que proceda. El desglose de los gastos de producción debe efectuarse de acuerdo con los elementos establecidos en los Sistemas de Costo de cada entidad."
"account_727_0050","Inversiones con Medios Propios Activos Fijos Intangibles - Traspaso a Inversiones en Proceso","727.0050","expense","False","Codigo oficial: 727. Se registran los gastos en que se incurren en el desarrollo de Inversiones con Medios Propios de Activos Fijos Intangible. Se analiza por subcuentas obligatorias que aparecen en el nomenclador de cuentas y debe identificarse si se trata de construcción y montaje y equipos. Se debitan por los gastos incurridos en la ejecución de las inversiones materiales ejecutadas con medios propios. Se acreditan mensualmente, por el avance físico de estas reparaciones para que se registren como Inversiones en Proceso en el componente que proceda. El desglose de los gastos de producción debe efectuarse de acuerdo con los elementos establecidos en los Sistemas de Costo de cada entidad."
"account_728_0010","Inversiones con Medios Propios - Saldo al Inicio del Año","728.0010","expense","False","Codigo oficial: 728. Se registran los gastos en que se incurren en el desarrollo de Inversiones con Medios Propios. Se analiza por subcuentas obligatorias que aparecen en el nomenclador de cuentas y debe identificarse si se trata de construcción y montaje y equipos. Se debitan por los gastos incurridos en la ejecución de las inversiones materiales ejecutadas con medios propios. Se acreditan mensualmente, por el avance físico de estas reparaciones para que se registren como Inversiones en Proceso en el componente que proceda. El desglose de los gastos de producción debe efectuarse de acuerdo con los elementos establecidos en los Sistemas de Costo de cada entidad."
"account_728_0020","Inversiones con Medios Propios - Gastos del Período","728.0020","expense","False","Codigo oficial: 728. Se registran los gastos en que se incurren en el desarrollo de Inversiones con Medios Propios. Se analiza por subcuentas obligatorias que aparecen en el nomenclador de cuentas y debe identificarse si se trata de construcción y montaje y equipos. Se debitan por los gastos incurridos en la ejecución de las inversiones materiales ejecutadas con medios propios. Se acreditan mensualmente, por el avance físico de estas reparaciones para que se registren como Inversiones en Proceso en el componente que proceda. El desglose de los gastos de producción debe efectuarse de acuerdo con los elementos establecidos en los Sistemas de Costo de cada entidad."
"account_728_0050","Inversiones con Medios Propios - Traspaso a Inversiones en Proceso","728.0050","expense","False","Codigo oficial: 728. Se registran los gastos en que se incurren en el desarrollo de Inversiones con Medios Propios. Se analiza por subcuentas obligatorias que aparecen en el nomenclador de cuentas y debe identificarse si se trata de construcción y montaje y equipos. Se debitan por los gastos incurridos en la ejecución de las inversiones materiales ejecutadas con medios propios. Se acreditan mensualmente, por el avance físico de estas reparaciones para que se registren como Inversiones en Proceso en el componente que proceda. El desglose de los gastos de producción debe efectuarse de acuerdo con los elementos establecidos en los Sistemas de Costo de cada entidad."
"account_731","Gastos Asociados a la Producción","731","expense","False","Rango oficial: 731 a 739. Comprenden los importes de los gastos que se incurren en las actividades asociadas a la producción, no identificables con un producto o servicio determinado. Incluyen los gastos de las actividades de mantenimiento, reparaciones corrientes y explotación de equipos, dirección de la producción, control de calidad, depreciación de Activos Fijos Tangibles de producción y servicios auxiliares a esta, entre otros. También se debitan a estas cuentas conceptos de gastos tales como: Gastos de la fuerza de trabajo (técnicos y dirigentes de la producción no vinculados a un producto o servicio), mantenimiento, reparaciones corrientes y depreciación de instalaciones productivas, gastos de protección del trabajo de las áreas productivas, desgaste de útiles y herramientas, gastos de preparación y asimilación de la producción, gastos de investigación y amortización de gastos diferidos, entre otros. Se debitan también por las pérdidas por paradas improductivas, imputables a la organización y dirección del proceso productivo. Los gastos registrados en estas cuentas se analizan en los elementos establecidos en los Sistemas de Costo de cada entidad. Se acreditan por las devoluciones al almacén de materiales, piezas y producciones para insumo no utilizadas y al final de cada mes, por la transferencia de sus saldos a las cuentas de Producción en Proceso, en las producciones o servicios cuyos ciclos productivos excedan al mes o al costo de las producciones terminadas, cuando dicho ciclo sea inferior al mes. Puede también optarse por el método de acreditar estos gastos, aplicándolos al último centro de costo productivo de la Producción en Proceso, cuando el ciclo productivo sea inferior al mes."
"account_800","Devoluciones y Rebajas en Ventas","800","expense","False","Rango oficial: 800 a 804. En estas cuentas se debitan los importes de las devoluciones efectuadas por los clientes de los productos terminados y mercancías vendidas, bien se originen por deficiencias de las mismas, incumplimientos de las especificaciones contractuales u otras causas aceptadas, que previamente fueron registrados en las cuentas de Ventas, así como las rebajas o bonificaciones concedidas a los clientes sobre las ventas. Los saldos de estas cuentas se cancelan al final del año, contra la cuenta Resultado."
"account_805","Impuesto por las Ventas","805","expense","False","Rango oficial: 805 a 809. Comprenden los importes de los impuestos que se encuentran incluidos en los precios de las ventas que se efectúan, de acuerdo con las disposiciones financieras vigentes. Incluye los importes de recuperación aprobados al MINCIN. Se debitan por los impuestos cuyas obligaciones de pago se registran, al efectuarse las entregas. Los saldos de estas cuentas se cancelan al final del año, contra la cuenta Resultado."
"account_810","Costo de Ventas de la Producción","810","expense","False","Rango oficial: 810 a 813. Incluyen los costos de las producciones terminadas, servicios prestados, trabajos ejecutados, entregados a los clientes. Los débitos a estas cuentas se efectúan a costo real, aunque durante el mes pueden registrarse las entregas a costo planificado o a precio fijo de registro, siempre que se efectúen los ajustes correspondientes al final del mes, para registrar dichos importes al costo real. Los saldos de estas cuentas se cancelan, al final del año, contra la cuenta Resultado."
"account_814","Costo de Ventas de Mercancías","814","expense","False","Rango oficial: 814 a 817. Incluyen los costos de las mercancías vendidas entregadas a los clientes. Los débitos a estas cuentas se efectúan a costo real, aunque durante el mes pueden registrarse las entregas a costo planificado o a precio fijo de registro, siempre que se efectúen los ajustes correspondientes al final del mes, para registrar dichos importes al costo real. En el caso de las ventas de mercancías que se controlan en inventario a precios de venta a la población, pueden debitarse incluyendo en sus costos los importes de los descuentos comerciales y del Impuesto de Circulación, siempre que dichos importes se disminuyan al final de cada mes. Los saldos de estas cuentas se cancelan, al final del año, contra la cuenta Resultado."
"account_818","Costo por Exportación de Servicios","818","expense","False","Codigo oficial: 818. Se registra en esta cuenta los importes del costo de la exportación de servicios. Los débitos a esta cuenta se efectúan a costo real, aunque durante el mes pueden registrarse las entregas a costo planificado o a precio fijo de registro, siempre que se efectúen los ajustes correspondientes al final del mes, para registrar dichos importes al costo real, siempre que se pueda determinar. Los saldos de estas cuentas se cancelan, al final del año, contra la cuenta Resultado."
"account_819","Gastos de Distribución y Ventas","819","expense","False","Rango oficial: 819 a 821. Se registran en estas cuentas los gastos en que se incurran, relacionados con las actividades posteriores a la terminación del proceso productivo, destinados a garantizar el almacenamiento, entrega y distribución de la producción terminada, asumidos por la entidad y contenidos en el precio de venta. Los gastos registrados en estas cuentas deben analizarse en los elementos establecidos en los Sistemas de Costo de la entidad. Los saldos de estas cuentas se cancelan al final del año, contra la cuenta Resultado."
"account_822","Gastos Generales y de Administración","822","expense","False","Rango oficial: 822 a 824. Incluyen el importe de los gastos en que se incurre en las actividades de administración de la entidad (excluyendo los del personal de dirección vinculado a la producción) y aquellos que tienen un carácter general (protección, áreas verdes, etc.). Comprenden entre otros, conceptos tales como: Gastos de la fuerza de trabajo, del personal de dirección de la empresa, gastos en comisión de servicios, gastos de oficina (teléfonos, telégrafo, correos, consumo de materiales, electricidad, etc.), depreciación de los Activos Fijos Tangibles de las actividades generales y de administración, cafeterías y locales destinados a actividades socio-culturales, mantenimientos y reparaciones corrientes de las instalaciones y equipos de uso general, gastos generales de protección del trabajo y de preparación de cuadros. Se debitan también por las pérdidas por paradas improductivas imputables a la organización y dirección de la entidad. Los gastos registrados en estas cuentas se analizan en los elementos establecidos en los Sistemas de Costo de cada entidad. Se acreditan, al final del año, cancelándose sus saldos contra la cuenta Resultado."
"account_825","Gastos de Proyectos","825","expense","False","Codigo oficial: 825. En estas cuentas se registran los gastos incurridos en las actividades de proyectos nacionales, ramales, territoriales, internacionales, en las que no existe producción en proceso. El saldo de esta cuenta se cancela al final del año, contra la cuenta Resultado. Los gastos registrados en estas cuentas se analizan en los elementos establecidos en los lineamientos de Costo."
"account_826","Gastos de Operación","826","expense","False","Rango oficial: 826 a 833. En estas cuentas se registran los gastos incurridos en el desarrollo de las actividades en las que no existe producción en proceso, ni se calculan costos por productos o servicios, tales como: Actividades comerciales y de gastronomía, servicios de transportación (excepto marítimo), servicios de comunicaciones, alojamiento y recreación, entre otros. En el caso de las actividades comerciales y de gastronomía no se incluye en estas cuentas el costo de adquisición de los productos o mercancías comercializados, que se registran en las cuentas Costo de Ventas. Los gastos registrados en estas cuentas se analizan en los elementos establecidos en los lineamientos de Costo. Sus saldos se cancelan al final del año, contra la cuenta Resultado."
"account_834","Gastos de Administración de la OSDE","834","expense","False","Codigo oficial: 834. Incluye el importe de los gastos en que se incurre en la actividad de administración de la OSDE o Grupo Empresarial. Comprenden entre otros, conceptos tales como: Gastos de la fuerza de trabajo, del personal de dirección de la OSDE, gastos en comisión de servicios, gastos de oficina (teléfonos, telégrafo, correos, consumo de materiales, electricidad, etc.), depreciación de los Activos Fijos Tangibles. Los gastos registrados en estas cuentas se analizan en los elementos establecidos en los Sistemas de Costo de cada entidad. Se debitan por los gastos incurrido en el período y su saldo se cancela al final del período contable contra la cuenta Resultado."
"account_835","Gastos Financieros","835","expense","False","Rango oficial: 835 a 838. Comprenden los gastos en que se incurran, relacionados con las operaciones financieras. Incluyen, entre otros, conceptos tales como: Gastos por intereses, comisiones bancarias, multas, sanciones, morosidad e indemnizaciones, otras contribuciones de destino específico, descuentos por pronto pago, pagos por pronto despacho. Los saldos de estas cuentas se cancelan al final del año, contra la cuenta Resultado."
"account_839","Gastos por Pérdidas en Tasas de Cambio","839","expense","False","Codigo oficial: 839. Comprenden los gastos en que se incurran, relacionados con las operaciones financieras por pérdida en tasa de cambio. Los saldos de estas cuentas se cancelan al final del año, contra la cuenta Resultado."
"account_840","Financiamiento Entregado a la OSDE","840","expense","False","Codigo oficial: 840. Comprende el aporte que realiza la empresa para contribuir al financiamiento de la OSDE. No se analiza por elementos del gasto. Sus saldos se cancelan al final del año, contra la cuenta Resultado."
"account_841","Gastos por Estadía – Importadores","841","expense","False","Codigo oficial: 841. Este rango de cuentas será utilizado por las entidades importadoras para registrar los gastos originados por estadía de los buques y otros medios de transporte de acuerdo con los términos pactados para las operaciones de carga y descarga o por el sobre cumplimiento de estos en beneficio del transportista, además de las demoras en la extracción de mercancías, el almacenaje después de los días libres de almacenaje y por otros conceptos que inciden en la demora en la extracción y devolución de contenedores, con independencia de su posibilidad de recobro por no ser responsabilidad del importador. Este rango de cuentas debe analizarse por estadía en almacenaje y por estadía en la devolución de los contenedores y dentro de ellos, por cada hecho que origina o es causante de la sobrestadía, entre ellos: a) Retención financiera; b) deuda con el operador portuario y aéreo; c) deuda con la Naviera o línea aérea; d) deuda con la Aduana; e) gasto por falta o errores en la documentación del Proveedor; f) gasto por conexión/desconexión de contenedor refrigerado después del libre almacenaje; g) gasto imputable a la Economía Nacional, dividido en: i Gasto por responsabilidad del Comprador Interno; ii gasto por responsabilidad del Transporte. Sus saldos se cancelan al final del año, contra la cuenta Resultado."
"account_843","Gastos por Estadía – Otras Entidades","843","expense","False","Codigo oficial: 843. Este rango de cuentas será utilizado por el resto de las entidades de la economía nacional para registrar los gastos originados por la facturación de los importadores, por la estadía de los buques y otros medios de transporte de acuerdo con los términos pactados para las operaciones de carga y descarga o por el sobre cumplimiento de estos en beneficio del transportista, además de las demoras en la extracción de mercancías, el almacenaje después de los días libres de almacenaje y por otros conceptos que inciden en la demora en la extracción y devolución de contenedores. Este rango de cuentas debe analizarse por sobrestadía en almacenaje y por sobrestadía en la devolución de los contenedores, y dentro de ellos por cada hecho que origina o es causante de la sobrestadía, entre ellos: a) Retención financiera; b) deuda con el operador portuario y aéreo; c) deuda con la Naviera o línea aérea; d) deuda con la Aduana; e) gasto por falta o errores en la documentación del Proveedor; f) gasto por conexión/desconexión de contenedor refrigerado después del libre almacenaje; g) gasto imputable a la Economía Nacional, dividido en: i Gasto por responsabilidad del Comprador Interno; ii gasto por responsabilidad del Transporte. Sus saldos se cancelan al final del año, contra la cuenta Resultado."
"account_845","Gastos por Pérdidas","845","expense","False","Rango oficial: 845 a 848. Incluyen los gastos por pérdidas, que una vez investigados, son asumidos por la entidad, al no poderse aplicar la responsabilidad material. Incluye, entre otras, las de cosechas agrícolas, el valor no depreciado de los Activos Fijos Tangibles dados de bajas antes de finalizar su vida útil y la sobrevaloración de la masa ganadera. Comprenden el costo de las muertes de los animales en desarrollo, no atribuibles a culpables, tanto hasta el límite de las normas establecidas, como en exceso a estas. También se registran en estas cuentas las pérdidas por el exceso del costo real sobre el planificado de las inversiones materiales ejecutadas con medios propios, así como el exceso del costo de las actividades de autoconsumo. Sus saldos se cancelan al final del año, contra la cuenta Resultado."
"account_849","Gastos por Pérdidas - Desastres","849","expense","False","Codigo oficial: 849. Representa pérdidas por desastres no financiadas por el seguro por la incidencia de hechos catastróficos, reconocidos como tal por la autoridad competente, entre los que tenemos ciclones tropicales, huracanes, intensas lluvias, penetraciones del mar, y otros eventos hidrometeorológicos, intensas sequías, incendios de grandes proporciones, sismos, accidentes de sustancias peligrosas, derrames de hidrocarburos, desastres sanitarios. El saldo de esta cuenta se cancela al final del año, contra la cuenta Resultado."
"account_850","Gastos por Faltantes de Bienes","850","expense","False","Rango oficial: 850 a 854. Incluyen los gastos por faltantes de Activos Fijos Tangibles, Inventarios, medios monetarios, equipos por instalar y materiales para el proceso inversionista, que una vez investigados, son asumidos por la entidad. Sus saldos se cancelan al final del año, contra la cuenta Resultado."
"account_855","Otros Impuestos, Tasas y Contribuciones","855","expense","False","Rango oficial: 855 a 864. Se registran en estas cuentas los gastos que corresponden al impuesto sobre el uso de la fuerza de trabajo, la contribución a la seguridad social al corto y largo plazo, otros impuestos, tasas y contribuciones. Excluye el impuesto sobre las ventas y el impuesto sobre utilidades, el impuesto sobre ingresos personales, e impuesto aduanero, contribución especial, contribución territorial para el desarrollo local. Sus saldos se cancelan al final del año, contra la cuenta Resultado."
"account_865","Otros Gastos","865","expense","False","Rango oficial: 865 a 866. Se registran en estas cuentas los gastos que no corresponden a las actividades fundamentales de la empresa, ni se consideran gastos financieros, pérdidas, faltantes, ni gastos de años anteriores. Comprenden entre otros, gastos por concepto de: Comedores, cafeterías y actividades socio-culturales, servicios no industriales prestados a trabajadores, gastos de capacitación para que los trabajadores alcancen hasta el noveno grado, servicios a comunidades y bateyes asumidos por la entidad y mantenimiento y reparaciones corrientes de Activos Fijos Tangibles arrendados. También se registran en estas cuentas los gastos que asume la entidad por paralizaciones totales o parciales, por causas no imputables a la misma (falta de materias primas, materiales, combustibles o energía), así como los gastos de reparaciones generales, mantenimiento y reparaciones corrientes de los Activos Fijos Tangibles (cuando la paralización exceda a tres meses y los importes de las reparaciones generales de dichos activos excedan la provisión creada para su financiamiento); así como los gastos por movilizaciones hasta los términos establecidos por la legislación vigente. Los gastos que se contabilizan en estas cuentas se analizan en los elementos establecidos en los Sistemas de Costo de cada entidad. Sus saldos se cancelan al final del año, contra la cuenta Resultado."
"account_867","Gastos de Eventos","867","expense","False","Codigo oficial: 867. Se registran en estas cuentas los gastos asociados a los eventos aprobados en el Plan de la Economía. Comprende los gastos incurridos en la preparación, celebración de los eventos nacionales e internacionales los que se registran para cada evento por separado. No constituyen eventos nacionales las reuniones y otras actividades de la gestión administrativa. El saldo de esta cuenta se cancela al final del año, contra la cuenta Resultado, o según se disponga en la norma contable correspondiente."
"account_873","Gastos de Recuperación de Desastres","873","expense","False","Codigo oficial: 873. Representa los gastos en que incurre la entidad para reponer y recuperar las condiciones normales de funcionamiento, luego de las afectaciones a sus recursos materiales por la incidencia de hechos catastróficos, reconocidos como tal por la autoridad competente, entre los que tenemos ciclones tropicales, huracanes, intensas lluvias, penetraciones del mar, y otros eventos hidrometeorológicos, intensas sequías, incendios de grandes proporciones, sismos, accidentes de sustancias peligrosas, derrames de hidrocarburos, desastres sanitarios. Se analiza por elementos de gastos. El saldo de esta cuenta se cancela al final del año, contra la cuenta Resultado."
"account_900","Ventas","900","income","False","Rango oficial: 900 a 913. Comprenden los importes, por las entregas a clientes, de productos terminados, trabajos efectuados, servicios prestados y ventas de mercancías. Sus saldos se cancelan al final del año, contra la cuenta Resultado."
"account_914","Ventas de Bienes con destino a la Exportación","914","income","False","Codigo oficial: 914. Comprenden los importes, por la venta de bienes al exterior y se analiza por el sistema armonizado de clasificación de productos (SACLAP) vigente en el país. El saldo de esta cuenta se cancela al final del año, contra la cuenta Resultado."
"account_915","Ventas por Exportación de Servicios","915","income","False","Codigo oficial: 915. Comprenden los importes, por los servicios prestados al exterior y se analiza por el Clasificador de Productos de Cuba (CPCU) vigente en el país. El saldo de esta cuenta se cancela al final del año, contra la cuenta Resultado."
"account_916","Subvenciones","916","income","False","Rango oficial: 916 a 919. Se registra en estas cuentas el importe de las subvenciones que representan ingresos a recibir del Presupuesto del Estado por los conceptos aprobados en la legislación vigente. No incluye la Subvención por Pérdida. Sus saldos se cancelan al final del año, contra la cuenta Resultado."
"account_920","Ingresos Financieros","920","income","False","Rango oficial: 920 a 922. Incluyen los ingresos relacionados con las operaciones financieras. Comprenden entre otros, conceptos tales como: Intereses ganados, multas e indemnizaciones a terceros, ganancias por cambio de monedas en deudas e ingresos por pronto despacho, ganancias en negocios conjuntos con otras entidades extranjeras, recuperación de faltantes de bienes, etc. Sus saldos se cancelan al final del año, contra la cuenta Resultado."
"account_923","Financiamiento Recibido de las Empresas (Uso exclusivo de la OSDE)","923","income","False","Codigo oficial: 923. Los Organismos Superiores de Dirección (OSDE) deben registrar en esta cuenta los honorarios de administración recibidos de sus entidades subordinadas o los financiamientos para financiar los gastos de la OSDE. Se acredita por la recepción del financiamiento o el traslado de Ingresos Diferidos y se debita al cierre del ejercicio contable contra la cuenta de Resultado."
"account_924","Ingresos por Variación de Tasas de Cambio","924","income","False","Codigo oficial: 924. Incluye la ganancia por fluctuación en la tasa de cambio de las monedas extranjeras. Sus saldos se cancelan al final del año, contra la cuenta Resultado."
"account_925","Ingresos por Dividendos Ganados","925","income","False","Codigo oficial: 925. Incluyen los ingresos relacionados con las operaciones financieras derivadas por los dividendos. Sus saldos se cancelan al final del año, contra la cuenta Resultado."
"account_926","Ingresos por Estadía (navieras y operadores)","926","income","False","Rango oficial: 926 a 927. Se contabilizan en esta cuenta los ingresos devengados por las navieras y operadores por estadía como resultado de la facturación a los importadores. Se acreditan por los ingresos recibidos y se debitan por la cancelación de su saldo al final del año contra la cuenta Resultado."
"account_928","Ingresos por Recobro de Estadía (importadores y otras entidades)","928","income","False","Rango oficial: 928 a 929. Se contabilizan en esta cuenta los ingresos devengados por los importadores por la facturación que se realiza a otras entidades de la economía nacional o a los proveedores extranjeros, cuando los hechos o causas que ocasionan la estadía que se pagó a la naviera o al operador portuario y aéreo, no son imputables a la entidad importadora. Se acreditan por los ingresos recibidos y se debitan por la cancelación de su saldo al final del año contra la cuenta Resultado."
"account_930","Ingresos por Sobrantes","930","income","False","Rango oficial: 930 a 939. Comprenden los ingresos por sobrantes de Inventarios y medios monetarios, que una vez investigados, son asumidos por la entidad, así como los de animales en desarrollo. Sus saldos se cancelan al final del año, contra la cuenta Resultado."
"account_950","Otros Ingresos","950","income","False","Rango oficial: 950 a 952. Se registran en estas cuentas los ingresos que no corresponden a las actividades fundamentales de la entidad, no se incluyen directamente en su resultado, ni ingresos financieros. Comprenden entre otros, conceptos tales como: Ventas de alimentos en comedores y cafeterías, ventas de materias primas y materiales recuperados no deducibles del costo de producción, servicios y ventas a trabajadores, ingresos por arrendamiento de Activos Fijos Tangibles y otros ingresos obtenidos por servicios prestados a comunidades y bateyes, en correspondencia con los gastos que por estos conceptos asume la entidad. Sus saldos se cancelan al final del año, contra la cuenta Resultado."
"account_953","Ingresos por Donaciones Recibidas","953","income","False","Codigo oficial: 953. Comprenden el importe de los recursos materiales y monetarios recibidos por la entidad proveniente de entidades nacionales o extranjeras, personas o gobiernos, organizaciones, sin obligación de pago. Se acreditan por la recepción de los recursos materiales y medios monetarios e incluye la recepción de recursos que provienen de decomisos, para su uso en la entidad, excluye los recursos monetarios que se destinen para financiar la adquisición de Activos fijos Tangibles, los que se tratarán por la cuenta donaciones Recibidas del Patrimonio Neto o Capital Contable. Sus saldos se cancelan al final del año, contra la cuenta Resultado."
"account_999","Resultado","999","equity_unaffected","False","Codigo oficial: 999. Esta cuenta refleja al final del período contable, el resultado obtenido por la entidad, bien sea utilidad o pérdida, producto del cierre de los saldos de las cuentas nominales. Su saldo se transfiere una vez efectuado el cierre de los saldos de las cuentas nominales, de ser positivo a las cuentas Utilidades Retenidas y de ser negativo, a las cuentas Pérdida."
